ticker,fiscal_year,capital_expenditure,cash_and_cash_equivalents,cash_and_cash_equivalents_ending,cost_of_goods_sold,current_assets,current_liabilities,depreciation_and_amortization,equity,financial_expenses,financial_income,fixed_assets,general_and_administrative_expenses,gross_profit,income_tax_expense,interest_expense,long_term_borrowings,net_cash_from_financing_activities,net_cash_from_investing_activities,net_cash_from_operating_activities,net_change_in_cash,net_income_after_tax,net_inventory,net_revenue,non_current_assets,non_current_liabilities,operating_profit,operating_profit_before_working_capital_changes,profit_before_tax,receivables,retained_earnings,selling_expenses,short_term_borrowings,short_term_investments,total_assets,total_liabilities,trade_payables,trade_receivables,interest_expense_abs,total_borrowings,net_debt,working_capital,free_cash_flow,EBIT_proxy,EBITDA_proxy,current_ratio,current_ratio_below_1_flag,quick_ratio,cash_ratio,working_capital_to_assets,cfo_to_current_liabilities,negative_equity_flag,negative_ebitda_flag,liabilities_to_assets,equity_to_assets,debt_to_equity,borrowings_to_assets,net_debt_to_assets,short_term_borrowings_share,interest_coverage,net_debt_to_ebitda,net_revenue_prev,total_assets_prev,total_liabilities_prev,equity_prev,net_income_prev,net_inventory_prev,trade_receivables_prev,trade_payables_prev,liabilities_to_assets_prev,net_margin_current,net_margin_prev,average_total_assets,average_equity,average_inventory,average_trade_receivables,average_trade_payables,gross_margin,operating_margin,net_margin,negative_net_income_flag,roa,roe,asset_turnover,inventory_turnover,receivables_turnover,payables_turnover,inventory_days,receivable_days,payable_days,cash_conversion_cycle,cfo_margin,cfo_to_assets,cfo_to_liabilities,fcf_to_assets,accruals_to_assets,negative_cfo_flag,cfo_profit_divergence_flag,net_revenue_growth_yoy,total_assets_growth_yoy,total_liabilities_growth_yoy,net_income_change_to_assets,net_margin_change,liabilities_to_assets_change,normalized_item_count,core_item_count,core_item_coverage_pct,temporal_features_available_flag,feature_version
BMP,2022,-69983722708.0,358572000000.0,358572000000.0,-4200680000000.0,2215150000000.0,403473000000.0,170147000000.0,2621320000000.0,-157565000000.0,55197905430.0,367746000000.0,-128937000000.0,1607660000000.0,-177074000000.0,-27578302.0,0.0,-468722000000.0,-144801000000.0,799141000000.0,185618000000.0,694269000000.0,576848000000.0,5808340000000.0,829645000000.0,20000360583.0,868083000000.0,989886000000.0,871342000000.0,278727000000.0,598876000000.0,-503332000000.0,55160000000.0,965000000000.0,3044790000000.0,423473000000.0,91380423299.0,274800000000.0,27578302.0,55160000000.0,-1268412000000.0,1811677000000.0,729157277292.0,871369578302.0,1041516578302.0,5.490206283939694,0,4.060499711257011,3.280447514455738,0.5950088511851392,1.9806554589774286,0,0,0.1390811845808742,0.8609198007087516,0.16154952466696168,0.018116191921281926,-0.4165843949829052,1.0,31596.201183887246,-1.217850993853512,,,,,,,,,,0.11952967629305447,,,,,,,0.2767847612226557,0.14945457738355536,0.11952967629305447,0,,,,,,,,,,,0.13758509315914702,,1.887112047285187,,,0,0,,,,,,,37,8,1.0,0,v1.0
BMP,2023,-57978690490.0,821414000000.0,821414000000.0,-3040560000000.0,2593900000000.0,546150000000.0,172109000000.0,2689730000000.0,-145562000000.0,118503000000.0,285790000000.0,-106919000000.0,2116420000000.0,-266177000000.0,-38676662.0,0.0,-965949000000.0,-174061000000.0,1602840000000.0,462829000000.0,1041010000000.0,364226000000.0,5156980000000.0,661101000000.0,19121527459.0,1304060000000.0,1343870000000.0,1307180000000.0,174028000000.0,667287000000.0,-676251000000.0,55170000000.0,1190000000000.0,3255000000000.0,565272000000.0,154431000000.0,132519000000.0,38676662.0,55170000000.0,-1956244000000.0,2047750000000.0,1544861309510.0,1307218676662.0,1479327676662.0,4.749427812871922,0,4.082530440355214,3.682896640117184,0.6291090629800308,2.934798132381214,0,0,0.1736626728110599,0.8263379416282642,0.2101593840273931,0.016949308755760367,-0.6009966205837174,1.0,33798.64261972763,-1.3223872106645964,5808340000000.0,3044790000000.0,423473000000.0,2621320000000.0,694269000000.0,576848000000.0,274800000000.0,91380423299.0,0.1390811845808742,0.201864269397981,0.11952967629305447,3149895000000.0,2655525000000.0,470537000000.0,203659500000.0,122905711649.5,0.41039910955636827,0.252872805401611,0.201864269397981,0,0.3304903814254126,0.39201664454298113,1.6371910809725403,6.461893538659021,25.321578418880534,24.73896419615556,56.48499125161155,14.414583244457027,14.754053448071245,56.14552104799732,0.31080981504679095,0.508855057073331,2.8355198913089628,0.4904485100328741,-0.1783646756479184,0,0,-0.11214219553263066,0.06903924408579902,0.3348477943103811,0.11008017727575047,0.08233459310492652,0.0345814882301857,37,8,1.0,1,v1.0
BMP,2024,-108998000000.0,504173000000.0,504173000000.0,-2627050000000.0,2596110000000.0,481000000000.0,111113000000.0,2701700000000.0,-162364000000.0,78731633534.0,265199000000.0,-119641000000.0,1988630000000.0,-249771000000.0,-20863234.0,0.0,-969504000000.0,-248318000000.0,900555000000.0,-317267000000.0,990762000000.0,463584000000.0,4615680000000.0,604382000000.0,17796778543.0,1228940000000.0,1267300000000.0,1240530000000.0,177753000000.0,679256000000.0,-555916000000.0,54900000000.0,1410000000000.0,3200490000000.0,498796000000.0,172295000000.0,128698000000.0,20863234.0,54900000000.0,-1859273000000.0,2115110000000.0,791557000000.0,1240550863234.0,1351663863234.0,5.397318087318087,0,4.433525987525988,3.9795696465696464,0.660870679177251,1.8722557172557173,0,0,0.15584988548628492,0.8441519892266497,0.18462301513861643,0.017153623351424313,-0.5809338570031464,1.0,59461.10096037843,-1.3755439133746543,5156980000000.0,3255000000000.0,565272000000.0,2689730000000.0,1041010000000.0,364226000000.0,132519000000.0,154431000000.0,0.1736626728110599,0.21465136231281198,0.201864269397981,3227745000000.0,2695715000000.0,413905000000.0,130608500000.0,163363000000.0,0.4308422594287299,0.2662532931225735,0.21465136231281198,0,0.30695175734142566,0.36753217606460625,1.430001440634251,6.346987835372851,35.339813258708276,16.08105874647258,57.50759406939343,10.328294530816695,22.697510515597344,45.13837808461278,0.19510776310316139,0.2790043823164469,1.8054575417605594,0.24523529584895956,0.027947375024978738,0,0,-0.10496453350604423,-0.01674654377880184,-0.11760002264396609,-0.015567524696033919,0.012787092914830989,-0.01781278732477498,37,8,1.0,1,v1.0
BMP,2025,-125920000000.0,297408000000.0,297408000000.0,-2970010000000.0,2758360000000.0,483662000000.0,92525119984.0,2877460000000.0,-231323000000.0,102202000000.0,266434000000.0,-166090000000.0,2539560000000.0,-310183000000.0,-13860002.0,0.0,-1043730000000.0,-381977000000.0,1218890000000.0,-206815000000.0,1228740000000.0,524732000000.0,5509580000000.0,620470000000.0,17713807042.0,1534840000000.0,1528510000000.0,1538920000000.0,129177000000.0,855015000000.0,-710595000000.0,54900000000.0,1760000000000.0,3378830000000.0,501376000000.0,111185000000.0,63689387409.0,13860002.0,54900000000.0,-2002508000000.0,2274698000000.0,1092970000000.0,1538933860002.0,1631458979986.0,5.703073634066766,0,4.618158962250497,4.253813613639277,0.6732206118686054,2.5201276924794587,0,0,0.14838745956440544,0.8516143161982106,0.17424256114767886,0.016248227936889396,-0.592663140791339,1.0,111034.17301108614,-1.2274338641460567,4615680000000.0,3200490000000.0,498796000000.0,2701700000000.0,990762000000.0,463584000000.0,128698000000.0,172295000000.0,0.15584988548628492,0.22301881450128686,0.21465136231281198,3289660000000.0,2789580000000.0,494158000000.0,96193693704.5,141740000000.0,0.46093531630360207,0.2785765884150879,0.22301881450128686,0,0.3735158040648578,0.44047491020153573,1.6748174583391597,6.010243687241732,57.27589603664693,20.95392973049245,60.7296507419167,6.372663288697596,17.419166938831857,49.68314709178244,0.22123101942434814,0.370521573658068,2.431089641307123,0.3322440616963455,0.0029942304067897595,0,0,0.1936659387132557,0.055722717458889105,0.005172455272295688,0.07234121459360542,0.008367452188474872,-0.007462425921879484,37,8,1.0,1,v1.0
CTD,2022,-194756000000.0,1064440000000.0,1064440000000.0,-14050200000000.0,17465000000000.0,10226600000000.0,106289000000.0,8213960000000.0,-162646000000.0,380957000000.0,560040000000.0,-734758000000.0,486734000000.0,-14033720468.0,-79172332132.0,524113000000.0,1073370000000.0,733457000000.0,-1627090000000.0,179740000000.0,20791833411.0,2837860000000.0,14536900000000.0,1502070000000.0,526525000000.0,-53535463128.0,387663000000.0,34825553879.0,11235400000000.0,336088000000.0,0.0,553077000000.0,1778380000000.0,18967100000000.0,10753100000000.0,5188560000000.0,10926600000000.0,79172332132.0,1077190000000.0,-1765630000000.0,7238400000000.0,-1821846000000.0,113997886011.0,220286886011.0,1.7078012242583067,0,1.4303033266188176,0.2779829073201259,0.3816292422141498,-0.15910370993292003,0,0,0.566934323117398,0.4330635679676914,1.3091249531285762,0.05679255131253592,-0.09308908583810915,0.5134442391778609,1.4398702544335453,-8.01513894890608,,,,,,,,,,0.0014302797302726165,,,,,,,0.03348265448616968,-0.003682728995040208,0.0014302797302726165,0,,,,,,,,,,,-0.11192826531103606,,-0.15131357469008938,,,1,1,,,,,,,37,8,1.0,0,v1.0
CTD,2023,-415209000000.0,2842180000000.0,2842180000000.0,-16102200000000.0,19889400000000.0,12745700000000.0,98681439393.0,8407430000000.0,-130346000000.0,347790000000.0,474510000000.0,-398185000000.0,425978000000.0,-56346253865.0,-96138110828.0,496345000000.0,3636027337.0,306629000000.0,1467430000000.0,1777690000000.0,187922000000.0,2602820000000.0,16528200000000.0,1762450000000.0,498778000000.0,238252000000.0,235520000000.0,244269000000.0,11845200000000.0,524027000000.0,-40602692.0,581932000000.0,1768450000000.0,21651900000000.0,13244500000000.0,5770250000000.0,11669900000000.0,96138110828.0,1078277000000.0,-3532353000000.0,7143700000000.0,1052221000000.0,340407110828.0,439088550221.0,1.560479220442973,0,1.356267603976243,0.3617400378166754,0.3299340935437537,0.1151313776410868,0,0,0.6117015134930421,0.38829987206665467,1.575332771132201,0.04980057177430156,-0.16314286506034112,0.5396869264576728,3.5408133974779252,-8.044739490979923,14536900000000.0,18967100000000.0,10753100000000.0,8213960000000.0,20791833411.0,2837860000000.0,10926600000000.0,5188560000000.0,0.566934323117398,0.011369780133347855,0.0014302797302726165,20309500000000.0,8310695000000.0,2720340000000.0,11298250000000.0,5479405000000.0,0.0257728004259387,0.0144148788131799,0.011369780133347855,0,0.009252911199192497,0.02261206794377606,0.8138161943917871,5.919186572266702,1.4628991215453722,2.9386767358864696,61.6638782278198,249.5045588751346,124.20556352548098,186.9628735774734,0.08878341259181279,0.07225337896058495,0.11079542451583677,0.051809301066003594,-0.06300046776139245,0,0,0.1369824377962289,0.141550368796495,0.2316913262222057,0.008229162046776138,0.009939500403075239,0.04476719037564414,37,8,1.0,1,v1.0
CTD,2024,-439084000000.0,2478610000000.0,2478610000000.0,-22060100000000.0,24836700000000.0,18328100000000.0,54328894561.0,8688770000000.0,-115073000000.0,239398000000.0,453543000000.0,-594485000000.0,845726000000.0,-91990009396.0,-115697000000.0,18576428705.0,1293040000000.0,-799497000000.0,-857050000000.0,-363512000000.0,371405000000.0,4934880000000.0,22905800000000.0,2240160000000.0,60000936512.0,374483000000.0,809486000000.0,463395000000.0,13711800000000.0,795472000000.0,-1065372003.0,2633940000000.0,2188770000000.0,27076900000000.0,18388100000000.0,7134880000000.0,13643900000000.0,115697000000.0,2652516428705.0,-2014863571295.0,6508600000000.0,-1296134000000.0,579092000000.0,633420894561.0,1.3551159149066188,0,1.0858637829344013,0.25465705665071664,0.240374636682929,-0.046761530109503985,0,0,0.6791065446930779,0.3208923473514324,2.1163064507404385,0.0979623379598477,-0.07441263849609815,0.9929966772292267,5.0052464627432,-3.1809237563775437,16528200000000.0,21651900000000.0,13244500000000.0,8407430000000.0,187922000000.0,2602820000000.0,11669900000000.0,5770250000000.0,0.6117015134930421,0.01621445223480516,0.011369780133347855,24364400000000.0,8548100000000.0,3768850000000.0,12656900000000.0,6452565000000.0,0.03692191497350016,0.016348828680945438,0.01621445223480516,0,0.015243757285219418,0.04344883658356828,0.940133965950321,5.8532708916513,1.8097480425696655,3.418810968971254,62.35829619992656,201.68553379493403,106.7622642236436,157.28156577121698,-0.037416287577818716,-0.03517632283167244,-0.046608948178441495,-0.05319786245505738,0.050420080116891856,1,1,0.3858617393303566,0.25055537851181653,0.3883574313866133,0.00753078261726125,0.004844672101457304,0.06740503120003571,37,8,1.0,1,v1.0
CTD,2025,-622700000000.0,1846990000000.0,1846990000000.0,-29593700000000.0,32365000000000.0,24847800000000.0,110587000000.0,9385340000000.0,-241909000000.0,293200000000.0,555140000000.0,-382279000000.0,1105360000000.0,-179780000000.0,-178001000000.0,179918000000.0,2394930000000.0,-2196200000000.0,-830902000000.0,-632175000000.0,781347000000.0,7569290000000.0,30699000000000.0,2077290000000.0,209076000000.0,773238000000.0,712870000000.0,961127000000.0,16354400000000.0,1475360000000.0,-1113646411.0,5062240000000.0,4437210000000.0,34442200000000.0,25056900000000.0,8056900000000.0,15544700000000.0,178001000000.0,5242158000000.0,-1042042000000.0,7517200000000.0,-1453602000000.0,1139128000000.0,1249715000000.0,1.3025298014311126,0,0.9979036373441512,0.2529077020903259,0.21825551213337127,-0.033439660654061926,0,0,0.7275057923129185,0.27249536905308025,2.6697913980740178,0.15220160152371218,-0.030254803700112073,0.9656786384538582,6.399559553036219,-0.8338237118062919,22905800000000.0,27076900000000.0,18388100000000.0,8688770000000.0,371405000000.0,4934880000000.0,13643900000000.0,7134880000000.0,0.6791065446930779,0.025451871396462426,0.01621445223480516,30759550000000.0,9037055000000.0,6252085000000.0,14594300000000.0,7595890000000.0,0.03600638457278739,0.025187725984559758,0.025451871396462426,0,0.025401769531738925,0.0864603568308481,0.998031505662469,4.733412933445402,2.1034924593848285,3.896014818540026,77.11137928004948,173.52094530766473,93.68547528696986,156.94684930074436,-0.02706609335808984,-0.027012813906575357,-0.033160606459697727,-0.04725693321261202,0.05241458343831428,1,1,0.34022823913593936,0.27201415228478887,0.3626693350590871,0.013327308104312319,0.009237419161657268,0.0483992476198406,37,8,1.0,1,v1.0
DGC,2022,-157456000000.0,1535470000000.0,1535470000000.0,-7693760000000.0,10985300000000.0,2571430000000.0,285341000000.0,10833700000000.0,-149754000000.0,533264000000.0,1781230000000.0,-151828000000.0,6750350000000.0,-338765000000.0,-17597975233.0,0.0,-697054000000.0,-3827780000000.0,5936760000000.0,1411920000000.0,6036980000000.0,999984000000.0,14444100000000.0,2419890000000.0,100000000.0,6381650000000.0,6363050000000.0,6375750000000.0,918723000000.0,5083860000000.0,-600387000000.0,467625000000.0,7471320000000.0,13405200000000.0,2571530000000.0,326043000000.0,514033000000.0,17597975233.0,467625000000.0,-8539165000000.0,8413870000000.0,5779304000000.0,6393347975233.0,6678688975233.0,4.272058737745145,0,3.883176287124285,3.5026386096452167,0.6276571778115955,2.3087387173673792,0,0,0.1918307820845642,0.8081714558529526,0.2373639661426844,0.03488385104287888,-0.6370039238504461,1.0,363.30020303950045,-1.2785690472585742,,,,,,,,,,0.4179547358437009,,,,,,,0.4673430674116075,0.4418170740994593,0.4179547358437009,0,,,,,,,,,,,0.41101626269549507,,2.3086489366252776,,,0,0,,,,,,,37,8,1.0,0,v1.0
DGC,2023,-250812000000.0,1060570000000.0,1060570000000.0,-6310950000000.0,12466600000000.0,3492910000000.0,347774000000.0,12037300000000.0,-98468801772.0,739261000000.0,2456830000000.0,-145403000000.0,3437060000000.0,-243321000000.0,-31946744275.0,0.0,-920431000000.0,-2338350000000.0,2783890000000.0,-474901000000.0,3252060000000.0,854909000000.0,9748010000000.0,3133870000000.0,70274856218.0,3496760000000.0,3249760000000.0,3495380000000.0,1129510000000.0,5999140000000.0,-435691000000.0,1328010000000.0,9342000000000.0,15600500000000.0,3563180000000.0,190111000000.0,717628000000.0,31946744275.0,1328010000000.0,-9074560000000.0,8973690000000.0,2533078000000.0,3527326744275.0,3875100744275.0,3.569115722993149,0,3.324360203956014,2.978195830983335,0.5752181019839108,0.7970116607642338,0,0,0.22840165379314767,0.7715970641966604,0.2960115640550622,0.08512611775263614,-0.5816839203871671,1.0,110.41271416929072,-2.341761053156252,14444100000000.0,13405200000000.0,2571530000000.0,10833700000000.0,6036980000000.0,999984000000.0,514033000000.0,326043000000.0,0.1918307820845642,0.3336127065934483,0.4179547358437009,14502850000000.0,11435500000000.0,927446500000.0,615830500000.0,258077000000.0,0.35259093907371863,0.3587152659876221,0.3336127065934483,0,0.22423592604212275,0.28438284290149096,0.6721444405754731,6.804651265598609,15.829047116048978,24.45374829992599,53.63978046094486,23.05887381116761,14.926137110894556,61.77251716121792,0.2855854682135123,0.19195468476885577,0.7812936758737982,0.1746607046201264,0.03228124127326698,0,0,-0.32512167597842717,0.1637648076865694,0.38562645584535277,-0.19202570529240803,-0.08434202925025258,0.036570871708583474,37,8,1.0,1,v1.0
DGC,2024,-522003000000.0,115782000000.0,115782000000.0,-6415480000000.0,12700600000000.0,2053340000000.0,368495000000.0,13701000000000.0,-69127470601.0,649243000000.0,2495500000000.0,-170651000000.0,3449490000000.0,-292874000000.0,-21654372047.0,0.0,-2912200000000.0,-1152320000000.0,3119470000000.0,-945047000000.0,3107400000000.0,984728000000.0,9864970000000.0,3120700000000.0,66899372796.0,3411830000000.0,3250730000000.0,3400280000000.0,979617000000.0,7205270000000.0,-447125000000.0,864649000000.0,10570300000000.0,15821300000000.0,2120240000000.0,313174000000.0,500444000000.0,21654372047.0,864649000000.0,-9821433000000.0,10647260000000.0,2597467000000.0,3421934372047.0,3790429372047.0,6.185337060593959,0,5.705763292976322,5.2042438173902035,0.672969983503252,1.5192174700731491,0,0,0.13401174366202526,0.8659844639821,0.15475074812057513,0.054650945244701765,-0.6207728189213276,1.0,158.02510295010265,-2.591113574738893,9748010000000.0,15600500000000.0,3563180000000.0,12037300000000.0,3252060000000.0,854909000000.0,717628000000.0,190111000000.0,0.22840165379314767,0.31499335527629585,0.3336127065934483,15710900000000.0,12869150000000.0,919818500000.0,609036000000.0,251642500000.0,0.34967060214070594,0.3458530537852624,0.31499335527629585,0,0.19778625031029412,0.2414611687640598,0.6279061034059157,6.974723817796663,16.19767961171425,25.49442164976107,52.331821235511605,22.534091842144477,14.316857429218079,60.549055648438,0.316216876483152,0.19855450674372568,1.4712815530317322,0.16532897542470515,-0.0007682564334315666,0,0,0.011998346329148205,0.01415339251947053,-0.4049584921334314,-0.009207620187258528,-0.018619351317152477,-0.09438991013112241,37,8,1.0,1,v1.0
DGC,2025,-589262000000.0,1040520000000.0,1040520000000.0,-7740120000000.0,16127200000000.0,4103240000000.0,314533000000.0,15370800000000.0,-107866000000.0,728648000000.0,2278260000000.0,-176871000000.0,3522260000000.0,-413611000000.0,-40759945619.0,0.0,648241000000.0,-1569960000000.0,1848890000000.0,927173000000.0,3153760000000.0,1681530000000.0,11262400000000.0,3410890000000.0,64069931050.0,3580800000000.0,3315820000000.0,3567370000000.0,1220420000000.0,8490250000000.0,-385376000000.0,1546200000000.0,12065300000000.0,19538100000000.0,4167310000000.0,203817000000.0,651126000000.0,40759945619.0,1546200000000.0,-11559620000000.0,12023960000000.0,1259628000000.0,3608129945619.0,3922662945619.0,3.9303574736062235,0,3.5205520515495072,3.1940174106315986,0.6154109150838618,0.45059270235228743,0,0,0.21329146641689828,0.7867090454035961,0.27111861451583524,0.07913768483117602,-0.5916450422507818,1.0,88.52146122435188,-2.9468807695828887,9864970000000.0,15821300000000.0,2120240000000.0,13701000000000.0,3107400000000.0,984728000000.0,500444000000.0,313174000000.0,0.13401174366202526,0.28002557181417814,0.31499335527629585,17679700000000.0,14535900000000.0,1333129000000.0,575785000000.0,258495500000.0,0.31274506321920725,0.3179428896150021,0.28002557181417814,0,0.1783831173605887,0.21696351791082769,0.6370243838979168,5.805979766399201,19.560078848875882,29.942958388057047,62.86621977437042,18.660456474641283,12.189844278900068,69.33683197011163,0.16416483165222331,0.1045770007409628,0.443665098108852,0.07124713654643461,0.0738061166196259,0,0,0.14165577796992793,0.23492380524988465,0.9654897558766932,0.002622216440324214,-0.03496778346211771,0.07927972275487302,37,8,1.0,1,v1.0
DHG,2022,-233992000000.0,34017813791.0,34017813791.0,-2418520000000.0,4218770000000.0,811537000000.0,81001086959.0,4291540000000.0,-101163000000.0,137143000000.0,787387000000.0,-268213000000.0,2257490000000.0,-111159000000.0,-12558694966.0,0.0,-550279000000.0,-353729000000.0,901285000000.0,-2723562595.0,988455000000.0,1250830000000.0,4676020000000.0,949414000000.0,65112897120.0,1112060000000.0,1057890000000.0,1099610000000.0,550503000000.0,1018360000000.0,-913204000000.0,114723000000.0,2355000000000.0,5168190000000.0,876650000000.0,364379000000.0,320498000000.0,12558694966.0,114723000000.0,-2274294813791.0,3407233000000.0,667293000000.0,1112168694966.0,1193169781925.0,5.198493722405756,0,3.657183837582267,2.9438187215012994,0.6592700732751698,1.110590151773733,0,0,0.1696241817735029,0.8303758182264971,0.20427399022262405,0.02219790681070162,-0.44005634734616955,1.0,88.5576644688768,-1.9060948812513232,,,,,,,,,,0.21138810355815416,,,,,,,0.48278022762947975,0.2378219083750711,0.21138810355815416,0,,,,,,,,,,,0.19274618158177254,,1.02810129470142,,,0,0,,,,,,,37,8,1.0,0,v1.0
DHG,2023,-486343000000.0,94134026358.0,94134026358.0,-2671850000000.0,4642190000000.0,1189240000000.0,88703980639.0,4852930000000.0,-90909165233.0,217890000000.0,816151000000.0,-312839000000.0,2343550000000.0,-108512000000.0,-29529505062.0,0.0,-170110014.0,-179819000000.0,240171000000.0,60181953062.0,1050660000000.0,1534640000000.0,5015400000000.0,1468280000000.0,68297565221.0,1179260000000.0,1077530000000.0,1159170000000.0,720853000000.0,1080570000000.0,-978424000000.0,572165000000.0,2230000000000.0,6110470000000.0,1257540000000.0,217976000000.0,564317000000.0,29529505062.0,572165000000.0,-1751969026358.0,3452950000000.0,-246172000000.0,1188699505062.0,1277403485701.0,3.903492987117823,0,2.6130553967239583,1.9543019292640678,0.5650874646303803,0.20195334835693385,0,0,0.20580086310872978,0.7941991368912702,0.2591300513298152,0.09363682335401369,-0.2867159197832573,1.0,40.25463693232286,-1.3715079424545118,4676020000000.0,5168190000000.0,876650000000.0,4291540000000.0,988455000000.0,1250830000000.0,320498000000.0,364379000000.0,0.1696241817735029,0.2094867807153966,0.21138810355815416,5639330000000.0,4572235000000.0,1392735000000.0,442407500000.0,291177500000.0,0.46727080591777326,0.23512780635642222,0.2094867807153966,0,0.18630936653822353,0.22979133837171536,0.8893609701861745,1.9184195126854713,11.336607087357244,9.1760180645826,190.26078372663136,32.196582027355745,39.77760259745121,182.6797631565359,0.047886708936475654,0.042588569918766944,0.19098477980819695,-0.04365270342398831,0.14372079661945655,0,0,0.07257881702815643,0.18232301831008535,0.4344835453145497,0.011030565687767873,-0.001901322842757569,0.03617668133522686,37,8,1.0,1,v1.0
DHG,2024,-88704714502.0,62857547612.0,62857547612.0,-2747100000000.0,4604000000000.0,1790290000000.0,169695000000.0,4094760000000.0,-89739210554.0,148120000000.0,1195870000000.0,-312823000000.0,2137770000000.0,-128499000000.0,-24810529888.0,0.0,-902846000000.0,-445951000000.0,1317580000000.0,-31213952742.0,775986000000.0,1115430000000.0,4884870000000.0,1355240000000.0,74195484057.0,978656000000.0,965263000000.0,904485000000.0,656736000000.0,322393000000.0,-904667000000.0,649914000000.0,2745000000000.0,5959240000000.0,1864490000000.0,167297000000.0,556908000000.0,24810529888.0,649914000000.0,-2157943547612.0,2813710000000.0,1228875285498.0,929295529888.0,1098990529888.0,2.571650403007334,0,1.9486060917504986,1.5683814061476073,0.47215920150891727,0.7359589787129459,0,0,0.3128737892751425,0.6871278887911881,0.4553355996444236,0.10905988011894134,-0.3621172410595982,1.0,37.45569055086842,-1.9635688287795525,5015400000000.0,6110470000000.0,1257540000000.0,4852930000000.0,1050660000000.0,1534640000000.0,564317000000.0,217976000000.0,0.20580086310872978,0.15885499511757734,0.2094867807153966,6034855000000.0,4473845000000.0,1325035000000.0,560612500000.0,192636500000.0,0.43763088884658136,0.20034432850823053,0.15885499511757734,0,0.12858403391630785,0.17344946013999143,0.8094428117991236,2.0732282543479985,8.713451804945484,14.260537333267578,176.05393869899166,41.88925447350697,25.59510847803138,192.34808469446725,0.269726727630418,0.2183283608305419,0.7066704568005192,0.20362962912911745,-0.08974432691423406,0,0,-0.02602584041153248,-0.024749323701777442,0.4826486632631964,-0.04551459811379064,-0.05063178559781925,0.1070729261664127,37,8,1.0,1,v1.0
DHG,2025,-31136402852.0,129896000000.0,129896000000.0,-2760590000000.0,3888770000000.0,965950000000.0,119008000000.0,4137270000000.0,-81590241255.0,133236000000.0,1142830000000.0,-396384000000.0,2506370000000.0,-134245000000.0,-25635277644.0,0.0,-1957370000000.0,811731000000.0,1212970000000.0,67324327943.0,852354000000.0,1024620000000.0,5266960000000.0,1285110000000.0,70666796641.0,1004310000000.0,1051150000000.0,986599000000.0,684251000000.0,1464900000000.0,-1157320000000.0,0.0,2024000000000.0,5173880000000.0,1036620000000.0,391631000000.0,615183000000.0,25635277644.0,0.0,-2153896000000.0,2922820000000.0,1181833597148.0,1012234277644.0,1131242277644.0,4.025850199285677,0,2.965112065841917,2.2298214193281227,0.5649183977981708,1.2557275221284745,0,0,0.2003564056375486,0.7996455271479045,0.25055652640509324,0.0,-0.41630188562548803,,39.48598847654439,-1.9040094616034386,4884870000000.0,5959240000000.0,1864490000000.0,4094760000000.0,775986000000.0,1115430000000.0,556908000000.0,167297000000.0,0.3128737892751425,0.16183035375244922,0.15885499511757734,5566560000000.0,4116015000000.0,1070025000000.0,586045500000.0,279464000000.0,0.47586653401582696,0.19068115193584154,0.16183035375244922,0,0.15312041907389842,0.20708233570577367,0.9461786094104797,2.5799303754585172,8.987288529644882,9.8781596198437,141.47668614317953,40.61291665400915,36.950202674066055,145.13940012312264,0.23029793277336452,0.2179029777816102,1.1701201983369027,0.21230950481949354,-0.06478255870771177,0,0,0.07821907236016516,-0.13178861734046624,-0.44401954421852624,0.013719065275502285,0.0029753586348718886,-0.11251738363759387,37,8,1.0,1,v1.0
DXG,2022,-148250000000.0,918979000000.0,918979000000.0,-2541690000000.0,27370900000000.0,12255000000000.0,85661079356.0,14084900000000.0,-521090000000.0,464365000000.0,393870000000.0,-1083000000000.0,2970030000000.0,-234111000000.0,-462172000000.0,3748480000000.0,1848180000000.0,237138000000.0,-3904010000000.0,-1818700000000.0,533707000000.0,14031000000000.0,5511720000000.0,2949740000000.0,3980740000000.0,775133000000.0,1225960000000.0,767818000000.0,11947500000000.0,2308310000000.0,-1056800000000.0,2022880000000.0,181166000000.0,30320700000000.0,16235700000000.0,1149360000000.0,1614640000000.0,462172000000.0,5771360000000.0,4671215000000.0,15115900000000.0,-4052260000000.0,1229990000000.0,1315651079356.0,2.2334475724194207,0,1.0885271317829457,0.08977111383108935,0.4985340048217884,-0.31856466748266016,0,0,0.5354658698512897,0.46453083207181894,1.1527025395991453,0.19034389047746259,0.15406026246095902,0.35050317429514016,2.6613252209134264,3.550496840155005,,,,,,,,,,0.0968312976711444,,,,,,,0.5388571988417409,0.140633595320517,0.0968312976711444,0,,,,,,,,,,,-0.7083106543873782,,-0.24045837259865604,,,1,1,,,,,,,37,8,1.0,0,v1.0
DXG,2023,-129281000000.0,276069000000.0,276069000000.0,-2014440000000.0,26229800000000.0,11617600000000.0,81825108390.0,14186400000000.0,-593253000000.0,409151000000.0,372209000000.0,-390860000000.0,1710380000000.0,-302913000000.0,-536714000000.0,2698540000000.0,-61357605712.0,268430000000.0,-849982000000.0,-642910000000.0,150240000000.0,14139100000000.0,3724830000000.0,2556680000000.0,2982500000000.0,437362000000.0,810162000000.0,453153000000.0,11422600000000.0,1736230000000.0,-585675000000.0,2590760000000.0,97174701710.0,28786400000000.0,14600100000000.0,767205000000.0,1374610000000.0,536714000000.0,5289300000000.0,4916056298290.0,14612200000000.0,-979263000000.0,989867000000.0,1071692108390.0,2.2577640820823577,0,1.0407226965982648,0.03212743610642473,0.5076077592196315,-0.0731633039526236,0,0,0.5071874218380902,0.49281605202456713,1.0291617323633904,0.1837430175360587,0.17077704396138454,0.48981150624846387,1.8443100049560845,4.587190910340263,5511720000000.0,30320700000000.0,16235700000000.0,14084900000000.0,533707000000.0,14031000000000.0,1614640000000.0,1149360000000.0,0.5354658698512897,0.04033472668551316,0.0968312976711444,29553550000000.0,14135650000000.0,14085050000000.0,1494625000000.0,958282500000.0,0.45918337212705007,0.11741797612240022,0.04033472668551316,0,0.00508365323286035,0.010628446516431859,0.12603663519272643,0.14301972658953999,2.492150204900895,2.1021358524234763,2552.0954955223287,146.4598719941581,173.63292652052183,2524.922440995965,-0.22819350144838824,-0.028760741095401398,-0.058217546455161265,-0.03313520710709881,0.03384439432826175,1,1,-0.32419825390259305,-0.05060239374420775,-0.10074095973687615,-0.012975327837095712,-0.05649657098563124,-0.028278448013199564,37,8,1.0,1,v1.0
DXG,2024,-70352919094.0,1249080000000.0,1249080000000.0,-2489820000000.0,26133300000000.0,10466300000000.0,58297921063.0,15202300000000.0,-470095000000.0,47770698279.0,369744000000.0,-430768000000.0,2305650000000.0,-276818000000.0,-420300000000.0,3325420000000.0,2475750000000.0,-114078000000.0,-1388660000000.0,973011000000.0,453428000000.0,13406200000000.0,4795470000000.0,3050030000000.0,3514780000000.0,679558000000.0,1265800000000.0,730246000000.0,11089600000000.0,1487270000000.0,-734577000000.0,3230370000000.0,77870684561.0,29183400000000.0,13981100000000.0,728691000000.0,1601270000000.0,420300000000.0,6555790000000.0,5228839315439.0,15667000000000.0,-1459012919094.0,1150546000000.0,1208843921063.0,2.4968995729149746,0,1.216007567144072,0.12678316927290448,0.536846289328865,-0.13267917028940504,0,0,0.47907714659703804,0.520922853402962,0.9196700499266558,0.2246410630701015,0.17917169745262718,0.4927506829840492,2.737439923863907,4.325487537581367,3724830000000.0,28786400000000.0,14600100000000.0,14186400000000.0,150240000000.0,14139100000000.0,1374610000000.0,767205000000.0,0.5071874218380902,0.09455340143927499,0.04033472668551316,28984900000000.0,14694350000000.0,13772650000000.0,1487940000000.0,747948000000.0,0.48079750264311943,0.14170832056086266,0.09455340143927499,0,0.015643593733288712,0.030857302296460883,0.16544718111844442,0.18078002417835348,3.222892052098875,3.3288677822522423,2019.0283835779292,113.25231937641149,109.64689013663637,2022.6338128177042,-0.28957745539019114,-0.04790977370975922,-0.0993240875181495,-0.05033700026889863,0.06355336744304793,1,1,0.28743325198733904,0.013791234749742934,-0.04239696988376792,0.01046020514129771,0.054218674753761825,-0.02811027524105214,37,8,1.0,1,v1.0
DXG,2025,-106133000000.0,3391090000000.0,3391090000000.0,-1903350000000.0,33913400000000.0,14291000000000.0,67034198664.0,20882500000000.0,-315355000000.0,151978000000.0,376792000000.0,-598276000000.0,2288540000000.0,-129585000000.0,-288260000000.0,2650740000000.0,1814550000000.0,-1062400000000.0,1389860000000.0,2142010000000.0,594823000000.0,15657600000000.0,4191890000000.0,4101220000000.0,2841120000000.0,708781000000.0,1086360000000.0,724408000000.0,14169000000000.0,510379000000.0,-817897000000.0,2145040000000.0,422577000000.0,38014600000000.0,17132100000000.0,823599000000.0,1685390000000.0,288260000000.0,4795780000000.0,982113000000.0,19622400000000.0,1283727000000.0,1012668000000.0,1079702198664.0,2.3730599678119098,0,1.2774333496606256,0.2668579525575537,0.5161806253386857,0.09725421594010217,0,0,0.450671584075592,0.549328415924408,0.820404645037711,0.1261562662766411,0.025835152809709952,0.44727656397916504,3.513036841740096,0.9096147078474465,4795470000000.0,29183400000000.0,13981100000000.0,15202300000000.0,453428000000.0,13406200000000.0,1601270000000.0,728691000000.0,0.47907714659703804,0.14189852310055845,0.09455340143927499,33599000000000.0,18042400000000.0,14531900000000.0,1643330000000.0,776145000000.0,0.5459446693496252,0.1690838738611939,0.14189852310055845,0,0.0177035923688205,0.03296806411563872,0.12476234411738445,0.13097736703390472,2.5508510159249815,2.45231239008175,2786.741009273124,143.0895013943591,148.83911261722753,2780.9913980502556,0.33155927278626107,0.041366112086669245,0.0811260732776484,0.03820729783624512,-0.023662519717848746,0,0,-0.1258646180666337,0.30261038809734303,0.22537568574718728,0.004208309771124141,0.04734512166128346,-0.02840556252144605,37,8,1.0,1,v1.0
FPT,2022,-3215240000000.0,6440180000000.0,6440180000000.0,-26842200000000.0,30937700000000.0,24521200000000.0,1833060000000.0,25356100000000.0,-1687370000000.0,1998500000000.0,12032900000000.0,-5846280000000.0,17167300000000.0,-1170940000000.0,-645726000000.0,1477830000000.0,-9773310000000.0,5757230000000.0,5053830000000.0,1037760000000.0,6491340000000.0,1965790000000.0,44009500000000.0,20712700000000.0,1773120000000.0,7589290000000.0,9042260000000.0,7662280000000.0,8502900000000.0,7711680000000.0,-4526440000000.0,10904300000000.0,13047200000000.0,51650400000000.0,26294300000000.0,3209210000000.0,7990080000000.0,645726000000.0,12382130000000.0,-7105250000000.0,6416500000000.0,1838590000000.0,8308006000000.0,10141066000000.0,1.2616715332039214,0,1.181504575632514,0.7947155930378611,0.12422943481560646,0.20610043554149063,0,0,0.5090822142713318,0.4909177857286681,1.037000958349273,0.23972960519182815,-0.13756427830181372,0.8806481598884844,12.866147561039822,-0.700641332972293,,,,,,,,,,0.14749860825503586,,,,,,,0.39008168690850836,0.1724466308410684,0.14749860825503586,0,,,,,,,,,,,0.114834978811393,,0.19220249255542077,,,0,0,,,,,,,37,8,1.0,0,v1.0
FPT,2023,-3978250000000.0,8279160000000.0,8279160000000.0,-32298300000000.0,36705800000000.0,29651700000000.0,2286510000000.0,29933000000000.0,-1718300000000.0,2336070000000.0,13643200000000.0,-6625370000000.0,20319600000000.0,-1414960000000.0,-832649000000.0,208075000000.0,-1168380000000.0,-6548370000000.0,9517100000000.0,1800340000000.0,7788050000000.0,1593410000000.0,52617900000000.0,23577100000000.0,698143000000.0,9111750000000.0,10989800000000.0,9203010000000.0,9674340000000.0,8674130000000.0,-5242550000000.0,13837900000000.0,16104200000000.0,60282800000000.0,30349800000000.0,2602980000000.0,9057650000000.0,832649000000.0,14045975000000.0,-10337385000000.0,7054100000000.0,5538850000000.0,10035659000000.0,12322169000000.0,1.237898670228014,0,1.1841611104928216,0.8223258700175706,0.11701679417678011,0.3209630476498818,0,0,0.5034570391554474,0.4965429608445527,1.0139244312297464,0.23300137020841766,-0.17148150052751365,0.9851861476330408,12.052688467769732,-0.8389257605540064,44009500000000.0,51650400000000.0,26294300000000.0,25356100000000.0,6491340000000.0,1965790000000.0,7990080000000.0,3209210000000.0,0.5090822142713318,0.14801141816758176,0.14749860825503586,55966600000000.0,27644550000000.0,1779600000000.0,8523865000000.0,2906095000000.0,0.3861727663019619,0.17316825642984612,0.14801141816758176,0,0.13915531763587569,0.28172099021326086,0.9401660990662288,18.149190829399863,6.173009544379222,11.113986294322794,20.111089438143804,59.128371238684934,32.84150171990476,46.39795895692398,0.1808719086090475,0.17004963674763163,0.31358032013390535,0.09896706249798987,-0.03089431911175594,0,0,0.19560322203160682,0.16713132908941655,0.1542349482587481,0.02316935457933839,0.0005128099125459029,-0.005625175115884451,37,8,1.0,1,v1.0
FPT,2024,-3275310000000.0,9315440000000.0,9315440000000.0,-39150400000000.0,45535900000000.0,34836200000000.0,2535300000000.0,35727500000000.0,-1811550000000.0,1935750000000.0,14816100000000.0,-7074040000000.0,23698300000000.0,-1642240000000.0,-551639000000.0,501116000000.0,-2197770000000.0,-8461810000000.0,11703800000000.0,1044200000000.0,9427420000000.0,1856760000000.0,62848800000000.0,26464100000000.0,1436270000000.0,11025100000000.0,13626800000000.0,11069700000000.0,11381500000000.0,11030500000000.0,-6115960000000.0,14446200000000.0,21785200000000.0,72000000000000.0,36272500000000.0,4423910000000.0,10537000000000.0,551639000000.0,14947316000000.0,-16153324000000.0,10699700000000.0,8428490000000.0,11621339000000.0,14156639000000.0,1.307143144200573,0,1.253843415757172,0.8927678679075215,0.14860694444444444,0.3359666094464953,0,0,0.5037847222222223,0.4962152777777778,1.0152543558883214,0.2076016111111111,-0.22435172222222222,0.9664745162275288,21.066927827800427,-1.1410423053098973,52617900000000.0,60282800000000.0,30349800000000.0,29933000000000.0,7788050000000.0,1593410000000.0,9057650000000.0,2602980000000.0,0.5034570391554474,0.15000159112027597,0.14801141816758176,66141400000000.0,32830250000000.0,1725085000000.0,9797325000000.0,3513445000000.0,0.3770684563587531,0.17542260154529601,0.15000159112027597,0,0.14253432797007623,0.2871565096214619,0.9502187737181251,22.694765765165194,6.414893861334599,11.143023442803289,16.08300362192979,56.89883697063428,32.755921395439124,40.225919197124945,0.186221534858263,0.17695119849292576,0.32266317458129434,0.12743138185765648,-0.03441687052284953,0,0,0.19443763434116526,0.1943705335518589,0.19514790871768511,0.024785837614565157,0.0019901729526942136,0.00032768306677488646,37,8,1.0,1,v1.0
FPT,2025,-5097920000000.0,10522100000000.0,10522100000000.0,-44224300000000.0,58137400000000.0,41524900000000.0,2914180000000.0,43748000000000.0,-1672050000000.0,2977160000000.0,17288500000000.0,-7337330000000.0,25888500000000.0,-1811290000000.0,-809760000000.0,1903790000000.0,2801320000000.0,-11624700000000.0,10136000000000.0,1312620000000.0,11232300000000.0,2193770000000.0,70112800000000.0,30004600000000.0,2869020000000.0,12951700000000.0,14815400000000.0,13043600000000.0,14402000000000.0,14302400000000.0,-7562660000000.0,19169700000000.0,29631000000000.0,88142000000000.0,44394000000000.0,3837080000000.0,12734600000000.0,809760000000.0,21073490000000.0,-19079610000000.0,16612500000000.0,5038080000000.0,13853360000000.0,16767540000000.0,1.400061168118406,0,1.3472309385453065,0.9669643996734489,0.18847428013886683,0.244094507151131,0,0,0.5036645413083434,0.49633545869165663,1.0147663893206547,0.23908567992557464,-0.216464455083842,0.909659482126596,17.10798261213199,-1.137889636762459,62848800000000.0,72000000000000.0,36272500000000.0,35727500000000.0,9427420000000.0,1856760000000.0,10537000000000.0,4423910000000.0,0.5037847222222223,0.16020327244098082,0.15000159112027597,80071000000000.0,39737750000000.0,2025265000000.0,11635800000000.0,4130495000000.0,0.36924070925708286,0.18472661197384785,0.16020327244098082,0,0.1402792521637047,0.28266069417619266,0.8756328758227073,21.836302903570644,6.025610615514189,10.706779695896012,16.71528379194244,60.57477379308771,34.09054920032652,43.199508384703634,0.14456704054038635,0.12658765345755643,0.228319142226427,0.06292015835945598,0.013691598706148294,0,0,0.11557897684601774,0.22419444444444445,0.22390240540354264,0.022540994867055488,0.010201681320704842,-0.00012018091387888674,37,8,1.0,1,v1.0
GAS,2022,-2009670000000.0,10549300000000.0,10549300000000.0,-79409000000000.0,55651700000000.0,12488000000000.0,3022950000000.0,61173600000000.0,-671395000000.0,1568070000000.0,16369700000000.0,-1074750000000.0,21314500000000.0,-3739880000000.0,-336861000000.0,6037960000000.0,-7809260000000.0,265040000000.0,12792100000000.0,5247850000000.0,15066400000000.0,4102440000000.0,100724000000000.0,27010900000000.0,9001130000000.0,18727900000000.0,21349600000000.0,18806300000000.0,16191100000000.0,19241500000000.0,-2440390000000.0,44996858992.0,23726500000000.0,82662700000000.0,21489100000000.0,6652090000000.0,9210090000000.0,336861000000.0,6082956858992.0,-28192843141008.0,43163700000000.0,10782430000000.0,19143161000000.0,22166111000000.0,4.456414157591287,0,4.127903587443946,2.7446989109545163,0.5221665878322387,1.0243513773222293,0,0,0.259961264270342,0.740038735729658,0.3512806177828344,0.07358768657437997,-0.3410588226734428,0.007397201728544953,56.82807151911322,-1.2718894686130553,,,,,,,,,,0.1495810333187721,,,,,,,0.21161292244152338,0.18593284619355863,0.1495810333187721,0,,,,,,,,,,,0.12700150907430205,,0.5952831900824139,,,0,0,,,,,,,37,8,1.0,0,v1.0
GAS,2023,-1841340000000.0,5668900000000.0,5668900000000.0,-73029000000000.0,62217800000000.0,14971900000000.0,3026920000000.0,65298600000000.0,-586713000000.0,2272920000000.0,19532100000000.0,-1474860000000.0,16924900000000.0,-2846450000000.0,-339976000000.0,4270500000000.0,-7463310000000.0,-11248700000000.0,13827000000000.0,-4884960000000.0,11793100000000.0,3944540000000.0,89953900000000.0,25536700000000.0,7483890000000.0,14619100000000.0,16395600000000.0,14639500000000.0,16865300000000.0,16879800000000.0,-2543870000000.0,1604780000000.0,35084600000000.0,87754500000000.0,22455800000000.0,7137960000000.0,12541300000000.0,339976000000.0,5875280000000.0,-34878220000000.0,47245900000000.0,11985660000000.0,14979476000000.0,18006396000000.0,4.155638228948898,0,3.892175341806985,2.7219992118568785,0.5383872052145474,0.9235300796826054,0,0,0.2558934299665544,0.7441054304907441,0.34389404979586086,0.06695132443350484,-0.39745221042795525,0.27314102476818125,44.060392498294,-1.9369906115582485,100724000000000.0,82662700000000.0,21489100000000.0,61173600000000.0,15066400000000.0,4102440000000.0,9210090000000.0,6652090000000.0,0.259961264270342,0.13110159759610202,0.1495810333187721,85208600000000.0,63236100000000.0,4023490000000.0,10875695000000.0,6895025000000.0,0.188150819475309,0.16251768961657026,0.13110159759610202,0,0.13840269644143902,0.18649315818021667,1.0556903880594213,18.15066024769541,8.271094399024614,10.591549704315794,20.10946130989059,44.12958943414349,34.46143484095359,29.77761590308048,0.15371206807042273,0.16227235279068075,0.6157429261037237,0.1406625622296341,-0.023869656349241743,0,0,-0.10692684960883206,0.06159731051610944,0.04498559734935386,-0.038415136500306306,-0.01847943572267008,-0.004067834303787599,37,8,1.0,1,v1.0
GAS,2024,-1925460000000.0,5567980000000.0,5567980000000.0,-85909800000000.0,57290500000000.0,14575500000000.0,2727710000000.0,61571000000000.0,-660048000000.0,1736610000000.0,18221600000000.0,-3197030000000.0,17654400000000.0,-2581990000000.0,-318597000000.0,2290750000000.0,-16612400000000.0,7468310000000.0,9035210000000.0,-108908000000.0,10590100000000.0,4598950000000.0,103564000000000.0,24564400000000.0,5708400000000.0,13156400000000.0,16824800000000.0,13172100000000.0,19098400000000.0,9553020000000.0,-2415290000000.0,933830000000.0,27494000000000.0,81854900000000.0,20283900000000.0,6037010000000.0,16744700000000.0,318597000000.0,3224580000000.0,-29837400000000.0,42715000000000.0,7109750000000.0,13490697000000.0,16218407000000.0,3.9306027237487564,0,3.6150766697540395,2.268325614901719,0.5218380329094532,0.6198902267503688,0,0,0.24780312479766026,0.7521968752023398,0.3294391840314434,0.03939385424696628,-0.3645157467665344,0.2895974049333557,42.34408045273496,-1.8397244562921624,89953900000000.0,87754500000000.0,22455800000000.0,65298600000000.0,11793100000000.0,3944540000000.0,12541300000000.0,7137960000000.0,0.2558934299665544,0.1022565756440462,0.13110159759610202,84804700000000.0,63434800000000.0,4271745000000.0,14643000000000.0,6587485000000.0,0.17046850256846008,0.12703642192267584,0.1022565756440462,0,0.12487633350510054,0.16694464237295617,1.2212059001446853,20.111172366328045,7.072594413713037,13.041365559086662,18.149115991423564,51.607653238577115,27.987866634539948,41.76890259546074,0.08724276775713569,0.10654138272996662,0.44543751448192903,0.08383674489739366,0.018334950775133925,0,0,0.15130083298222757,-0.06722846121851302,-0.09671888777064278,-0.014185534528157047,-0.02884502195205582,-0.00809030516889414,37,8,1.0,1,v1.0
GAS,2025,-2314740000000.0,6876470000000.0,6876470000000.0,-118079000000000.0,69902500000000.0,20573700000000.0,2788370000000.0,67653400000000.0,-383579000000.0,1580480000000.0,15950800000000.0,-1324030000000.0,17050600000000.0,-2787800000000.0,-216056000000.0,1531860000000.0,-5264540000000.0,-6468620000000.0,13040200000000.0,1307080000000.0,11571600000000.0,4398770000000.0,135129000000000.0,23665700000000.0,5341090000000.0,14363000000000.0,15770600000000.0,14359400000000.0,24881300000000.0,12484100000000.0,-2602000000000.0,1439830000000.0,32890600000000.0,93568200000000.0,25914800000000.0,11925100000000.0,20895100000000.0,216056000000.0,2971690000000.0,-36795380000000.0,49328800000000.0,10725460000000.0,14575456000000.0,17363826000000.0,3.397663035817573,0,3.1838575462848198,1.9329080330713484,0.5271962055484662,0.633828625867005,0,0,0.2769616173016046,0.7230383826983954,0.38305244082337325,0.03175961491190383,-0.39324663721221526,0.48451554502656735,67.46147295145703,-2.1190825109627336,103564000000000.0,81854900000000.0,20283900000000.0,61571000000000.0,10590100000000.0,4598950000000.0,16744700000000.0,6037010000000.0,0.24780312479766026,0.08563372777124081,0.1022565756440462,87711550000000.0,64612200000000.0,4498860000000.0,18819900000000.0,8981055000000.0,0.12618016857965353,0.10629102561256282,0.08563372777124081,0,0.13192789319080556,0.17909311244625628,1.5406066817882023,26.2464268725855,7.180112540449206,13.147564512187042,13.90665486665707,50.834857802544235,27.76179570457067,36.979716964630626,0.09650186118449777,0.14867141214583485,0.5031950854338062,0.12228104508471234,-0.016743518955029298,0,0,0.3047873778533081,0.14309833620223103,0.2776044054644324,0.011190088420510183,-0.01662284787280538,0.029158492503944367,37,8,1.0,1,v1.0
HBC,2022,-254133000000.0,496253000000.0,496253000000.0,-13707400000000.0,16300500000000.0,15374800000000.0,232920000000.0,1191370000000.0,-520637000000.0,23998697066.0,946894000000.0,-2245230000000.0,441605000000.0,-276854000000.0,-519852000000.0,1026590000000.0,1197970000000.0,-553021000000.0,-883068000000.0,-238122000000.0,-2609790000000.0,2217970000000.0,14149000000000.0,2013440000000.0,1747720000000.0,-2334660000000.0,136941000000.0,-2332930000000.0,13369300000000.0,-2128480000000.0,-39135616629.0,5104310000000.0,43770386739.0,18313900000000.0,17122500000000.0,5280710000000.0,8707900000000.0,519852000000.0,6130900000000.0,5590876613261.0,925700000000.0,-1137201000000.0,-1813078000000.0,-1580158000000.0,1.060208913286677,0,0.9159488253505736,0.035123929204867704,0.05054630635746619,-0.05743606420896532,0,1,0.9349455877775897,0.06505277412238791,14.372109420247279,0.3347675809084903,0.305280503511595,0.8325547635746791,-3.487681109238783,,,,,,,,,,,-0.18445049120079157,,,,,,,0.03121103964944519,-0.16500530072796665,-0.18445049120079157,1,,,,,,,,,,,-0.06241204325394021,,-0.05157354358300482,,,1,0,,,,,,,37,8,1.0,0,v1.0
HBC,2023,-8098003941.0,388531000000.0,388531000000.0,-7293010000000.0,13449300000000.0,13703300000000.0,241776000000.0,93380988230.0,-559457000000.0,74274693895.0,713324000000.0,-757701000000.0,244087000000.0,-35520730042.0,-557095000000.0,722676000000.0,-1395710000000.0,175565000000.0,1112420000000.0,-107724000000.0,-1115340000000.0,2278110000000.0,7537100000000.0,1800580000000.0,1453210000000.0,-1075420000000.0,128384000000.0,-1079820000000.0,10669800000000.0,-3240330000000.0,-38746415801.0,3995330000000.0,15705823005.0,15249900000000.0,15156500000000.0,4801020000000.0,7232690000000.0,557095000000.0,4718006000000.0,4313769176995.0,-254000000000.0,1104321996059.0,-522725000000.0,-280949000000.0,0.9814643188137164,1,0.8152189618559034,0.029499231791247364,-0.016655846923586383,0.08117898608364409,0,1,0.9938753696745553,0.006123383643827173,162.30819878098865,0.3093794713407957,0.28287196486501553,0.8468259684281877,-0.9383049569642521,,14149000000000.0,18313900000000.0,17122500000000.0,1191370000000.0,-2609790000000.0,2217970000000.0,8707900000000.0,5280710000000.0,0.9349455877775897,-0.14797999230473258,-0.18445049120079157,16781900000000.0,642375494115.0,2248040000000.0,7970295000000.0,5040865000000.0,0.03238473683512226,-0.1426835254938902,-0.14797999230473258,1,-0.06646088941061501,-1.736274204445801,0.44912077893444724,3.2441638049145034,0.9456488122459709,1.446777487593895,112.50973192138774,385.9783835958127,252.28482135633985,246.20329416086062,0.14759257539371906,0.06628689242576824,0.0733955728565302,0.06580434849802466,-0.13274778183638325,0,0,-0.46730510990175983,-0.16730461561982973,-0.11481968170535845,0.08905129931652554,0.036470498896058995,0.058929781896965516,37,8,1.0,1,v1.0
HBC,2024,-193584000000.0,268157000000.0,268157000000.0,-6063290000000.0,13734800000000.0,12410700000000.0,163604000000.0,1747900000000.0,-407664000000.0,244659000000.0,660064000000.0,266891000000.0,357555000000.0,-46389040410.0,-404156000000.0,532421000000.0,-448839000000.0,28667579777.0,299796000000.0,-120376000000.0,962962000000.0,2357130000000.0,6420840000000.0,1676970000000.0,1253180000000.0,398806000000.0,279753000000.0,1009350000000.0,11012400000000.0,-2299310000000.0,-36187206813.0,3818310000000.0,14116633715.0,15411800000000.0,13663900000000.0,4170740000000.0,6851550000000.0,404156000000.0,4350731000000.0,4068457366285.0,1324100000000.0,106212000000.0,1413506000000.0,1577110000000.0,1.1066901947513033,0,0.9167629545472858,0.02274437652308089,0.0859146887449876,0.02415625226618966,0,0,0.8865869009460283,0.11341309905397164,7.817323645517478,0.2822986932090995,0.2639832703697816,0.8776249324538796,3.49742673621077,2.579691566399934,7537100000000.0,15249900000000.0,15156500000000.0,93380988230.0,-1115340000000.0,2278110000000.0,7232690000000.0,4801020000000.0,0.9938753696745553,0.14997445817058205,-0.14797999230473258,15330850000000.0,920640494115.0,2317620000000.0,7042120000000.0,4485880000000.0,0.05568663913132861,0.06211118794425651,0.14997445817058205,0,0.06281204238512542,1.0459696332667652,0.4188182651320703,2.616170899457202,0.9117765672837157,1.3516389203456178,139.5168794499356,400.31737280480434,270.04253466352424,269.7917175912157,0.04669108714747603,0.019555080116236218,0.02194073434378179,0.006927991598639345,0.0432569622688892,0,0,-0.1481020551671067,0.010616463058774155,-0.09847920034308713,0.13556339015775382,0.29795445047531466,-0.10728846872852693,37,8,1.0,1,v1.0
HBC,2025,-885091000000.0,347026000000.0,347026000000.0,-4316020000000.0,13302800000000.0,13376300000000.0,210876000000.0,1957580000000.0,-394434000000.0,298930000000.0,1177590000000.0,-106297000000.0,304265000000.0,-19816748185.0,-383801000000.0,48231301696.0,-250520000000.0,-771471000000.0,1100930000000.0,78942073857.0,250944000000.0,2281900000000.0,4620280000000.0,2798920000000.0,767782000000.0,59795648147.0,481500000000.0,270761000000.0,10553400000000.0,-2084880000000.0,-39748095306.0,3939870000000.0,9773915032.0,16101700000000.0,14144100000000.0,4184840000000.0,6894240000000.0,383801000000.0,3988101301696.0,3631301386664.0,-73500000000.0,215839000000.0,654562000000.0,865438000000.0,0.9945052069705375,1,0.823912442155155,0.026674036544634915,-0.004564735400609874,0.08230452367246548,0,0,0.8784227752349131,0.121575982660216,7.225298582944247,0.24768200262680337,0.22552285700665148,0.9879061994549916,1.7054723671902887,4.195911650128606,6420840000000.0,15411800000000.0,13663900000000.0,1747900000000.0,962962000000.0,2357130000000.0,6851550000000.0,4170740000000.0,0.8865869009460283,0.05431359138407196,0.14997445817058205,15756750000000.0,1852740000000.0,2319515000000.0,6872895000000.0,4177790000000.0,0.06585423394253162,0.012941996620767572,0.05431359138407196,0,0.015926126897996096,0.13544480067359693,0.29322544306408366,1.8607424396910561,0.6722465569457994,1.0330868712884085,196.1582603880427,542.9555513951535,353.31007502282193,385.80373676037425,0.23828209545741816,0.06987037301473971,0.07783669515911228,0.013698192837990068,-0.053944246116743616,0,0,-0.28042436815120764,0.04476440130289778,0.03514369982215912,-0.045188125723896105,-0.09566086678651009,-0.008164125711115244,37,8,1.0,1,v1.0
HPG,2022,-17887500000000.0,8324590000000.0,8324590000000.0,-124646000000000.0,80514700000000.0,62385400000000.0,6759460000000.0,96112900000000.0,-7026720000000.0,3743650000000.0,70832900000000.0,-1019440000000.0,16763400000000.0,-1478510000000.0,-3083640000000.0,11151700000000.0,-1777990000000.0,-24626200000000.0,12277600000000.0,-14126600000000.0,8444430000000.0,34491100000000.0,141409000000000.0,89820800000000.0,11837200000000.0,9794030000000.0,19291300000000.0,9922940000000.0,9892870000000.0,33833800000000.0,-2665810000000.0,46748700000000.0,26268200000000.0,170336000000000.0,74222600000000.0,11107200000000.0,2958590000000.0,3083640000000.0,57900400000000.0,23307610000000.0,18129300000000.0,-5609900000000.0,13006580000000.0,19766040000000.0,1.2906016471802697,0,0.7377303022822648,0.5545013737188509,0.10643258031185422,0.19680245698512794,0,0,0.4357422975765546,0.5642547670486567,0.7722438923391137,0.3399187488258501,0.13683314155551382,0.8073985671946998,4.217930757157126,1.1791744831033428,,,,,,,,,,0.059716354687466854,,,,,,,0.11854549568980757,0.06926030167811101,0.059716354687466854,0,,,,,,,,,,,0.08682332807671364,,0.16541592452972545,,,0,0,,,,,,,37,8,1.0,0,v1.0
HPG,2023,-17373900000000.0,12252000000000.0,12252000000000.0,-106015000000000.0,82716400000000.0,71513500000000.0,6761930000000.0,102836000000000.0,-5191510000000.0,3173090000000.0,71998400000000.0,-1307290000000.0,12937800000000.0,-992340000000.0,-3585080000000.0,10399100000000.0,7275610000000.0,-11995100000000.0,8643030000000.0,3923550000000.0,6800390000000.0,34504500000000.0,118953000000000.0,105066000000000.0,13432700000000.0,7650760000000.0,15421000000000.0,7792730000000.0,10702100000000.0,40593000000000.0,-1961360000000.0,54981900000000.0,22177300000000.0,187783000000000.0,84946200000000.0,12387500000000.0,5999540000000.0,3585080000000.0,65381000000000.0,30951700000000.0,11202900000000.0,-8730870000000.0,11377810000000.0,18139740000000.0,1.1566543379921275,0,0.6741650177938431,0.4814377704908863,0.059658755052374286,0.12085871898312905,0,0,0.45236363249069406,0.5476321072727564,0.8260356295460733,0.3481731573145599,0.16482695451664953,0.8409461464339792,3.1736558180012717,1.7062923724375323,141409000000000.0,170336000000000.0,74222600000000.0,96112900000000.0,8444430000000.0,34491100000000.0,2958590000000.0,11107200000000.0,0.4357422975765546,0.05716871369364371,0.059716354687466854,179059500000000.0,99474450000000.0,34497800000000.0,4479065000000.0,11747350000000.0,0.10876396559985876,0.06431750355182299,0.05716871369364371,0,0.03797838148771777,0.06836318270671514,0.66432107763062,3.0730945161720458,26.557551631869597,9.024588524220356,118.77278686978258,13.743736812018193,40.44505730321181,92.07146637858897,0.07265920153337872,0.04826903906243456,0.1017471058152101,-0.048759602255116316,-0.010290657574716785,0,0,-0.15880177357876796,0.10242696787525832,0.14447890534688895,-0.009181529044814712,-0.0025476409938231456,0.016621334914139474,37,8,1.0,1,v1.0
HPG,2024,-35495000000000.0,6887650000000.0,6887650000000.0,-120358000000000.0,86674300000000.0,75225200000000.0,6915670000000.0,114647000000000.0,-3966640000000.0,2618920000000.0,67428400000000.0,-1545520000000.0,18497500000000.0,-1673480000000.0,-2287360000000.0,27080400000000.0,17814700000000.0,-29788100000000.0,6608320000000.0,-5365120000000.0,12020000000000.0,46091200000000.0,138855000000000.0,137815000000000.0,34617000000000.0,13267000000000.0,21472500000000.0,13693500000000.0,7647800000000.0,49599100000000.0,-2337310000000.0,55882700000000.0,18974700000000.0,224490000000000.0,109842000000000.0,14046800000000.0,4352140000000.0,2287360000000.0,82963100000000.0,57100750000000.0,11449100000000.0,-28886680000000.0,15980860000000.0,22896530000000.0,1.1521976678028107,0,0.5394880970738529,0.3437990194775155,0.051000489999554546,0.08784715760144207,0,0,0.48929573700387546,0.5106998084547196,0.9580887419644648,0.3695625640340327,0.25435765512940445,0.6735850034533425,6.986595900951315,2.493860423391667,118953000000000.0,187783000000000.0,84946200000000.0,102836000000000.0,6800390000000.0,34504500000000.0,5999540000000.0,12387500000000.0,0.45236363249069406,0.0865651218897411,0.05716871369364371,206136500000000.0,108741500000000.0,40297850000000.0,5175840000000.0,13217150000000.0,0.13321450433905874,0.09554571315400957,0.0865651218897411,0,0.05831087653084243,0.11053737533508366,0.6736070516381136,2.9867102091054485,26.827529444495966,9.106199142780403,122.20803976470198,13.605427244247597,40.082584871799135,95.73088213715045,0.04759151632998452,0.03205798099802801,0.060162050945904114,-0.14013374632828246,0.026252895532814423,0,0,0.1673097778114045,0.19547562878428826,0.2930772653750256,0.025321134296934313,0.029396408196097387,0.03693210451318141,37,8,1.0,1,v1.0
HPG,2025,-25748300000000.0,8300890000000.0,8300890000000.0,-131618000000000.0,103659000000000.0,94186300000000.0,8470680000000.0,131220000000000.0,-4603580000000.0,2081790000000.0,133608000000000.0,-1436540000000.0,24497800000000.0,-2525660000000.0,-3114860000000.0,27479200000000.0,9861930000000.0,-25814400000000.0,17365900000000.0,1413400000000.0,15514900000000.0,52828200000000.0,156116000000000.0,154240000000000.0,32492900000000.0,17905800000000.0,28627100000000.0,18040600000000.0,15042300000000.0,51037900000000.0,-2633630000000.0,64695000000000.0,19484400000000.0,257899000000000.0,126679000000000.0,21183400000000.0,10971800000000.0,3114860000000.0,92174200000000.0,64388910000000.0,9472700000000.0,-8382400000000.0,21155460000000.0,29626140000000.0,1.1005740749981685,0,0.539683584555291,0.2950035196201571,0.03673027037716315,0.18437819513028966,0,0,0.49119616594093035,0.5088038340590696,0.9653939948178631,0.3574042551541495,0.24966715652251462,0.7018775318907026,6.791785184566883,2.1733816825276597,138855000000000.0,224490000000000.0,109842000000000.0,114647000000000.0,12020000000000.0,46091200000000.0,4352140000000.0,14046800000000.0,0.48929573700387546,0.09938058879294884,0.0865651218897411,241194500000000.0,122933500000000.0,49459700000000.0,7661970000000.0,17615100000000.0,0.15692049501652616,0.11469548284608881,0.09938058879294884,0,0.06432526446498572,0.12620563149995728,0.6472618571318998,2.661116019708975,20.37543869265998,7.471884916917872,137.1604985640262,17.91372473032873,48.849788782689295,106.22443451166563,0.11123715698583105,0.07199956881272168,0.1370858626923168,-0.03475369463234029,-0.007674304347735956,0,0,0.12430953152569227,0.14882177379838746,0.1532838076509896,0.014489965567208208,0.012815466903207742,0.0019004289370548877,37,8,1.0,1,v1.0
HVN,2022,-952401000000.0,2490280000000.0,2490280000000.0,-73286200000000.0,12330000000000.0,51800100000000.0,3536490000000.0,-11055600000000.0,-4432420000000.0,980368000000.0,40672000000000.0,-1769310000000.0,-2876010000000.0,-277531000000.0,-1164560000000.0,14868100000000.0,-7603960000000.0,1455710000000.0,6893820000000.0,745568000000.0,-11223000000000.0,2875280000000.0,70410200000000.0,48306200000000.0,19891700000000.0,-11218300000000.0,-5853430000000.0,-10945500000000.0,4897520000000.0,-35072200000000.0,-3195010000000.0,13400100000000.0,896631000000.0,60636200000000.0,71691800000000.0,28174800000000.0,3983030000000.0,1164560000000.0,28268200000000.0,24881289000000.0,-39470100000000.0,5941419000000.0,-9780940000000.0,-6244450000000.0,0.23803042851268627,1,0.1825231997621626,0.06538425601494978,-0.6509329410484166,0.1330850712643412,1,1,1.1823267289177093,-0.18232672891770924,,0.4661934619913517,0.4103372078065578,0.4740344273777602,-8.39882874218589,,,,,,,,,,,-0.15939451954404332,,,,,,,-0.04084649667235713,-0.15932776785181693,-0.15939451954404332,1,,,,,,,,,,,0.09790939380941965,,0.09615911443149705,,,0,0,,,,,,,37,8,1.0,0,v1.0
HVN,2023,-317901000000.0,2551040000000.0,2551040000000.0,-87654400000000.0,14884300000000.0,61171300000000.0,5986080000000.0,-17025900000000.0,-4404980000000.0,926349000000.0,34358600000000.0,-2096090000000.0,3885440000000.0,-269139000000.0,-1554940000000.0,9806280000000.0,-1613150000000.0,667094000000.0,1003690000000.0,57630916314.0,-5631750000000.0,3430700000000.0,91539900000000.0,42832600000000.0,13571600000000.0,-5977740000000.0,2375050000000.0,-5362610000000.0,6121740000000.0,-41057400000000.0,-4376670000000.0,17561800000000.0,920439000000.0,57716900000000.0,74742900000000.0,30797300000000.0,4474690000000.0,1554940000000.0,27368080000000.0,23896601000000.0,-46287000000000.0,685789000000.0,-3807670000000.0,2178410000000.0,0.2433216230487173,1,0.18723813291527236,0.056750126284711946,-0.8019661485630725,0.016407857933377255,1,0,1.2949915882523144,-0.2949898556575284,,0.47417792708894624,0.41403126294031734,0.6416891502801804,-2.4487568652166645,10.969744446637685,70410200000000.0,60636200000000.0,71691800000000.0,-11055600000000.0,-11223000000000.0,2875280000000.0,3983030000000.0,28174800000000.0,1.1823267289177093,-0.06152235254790534,-0.15939451954404332,59176550000000.0,-14040750000000.0,3152990000000.0,4228860000000.0,29486050000000.0,0.04244531619545138,-0.06530201584227206,-0.06152235254790534,1,-0.0951686098631975,0.40110036857005504,1.5468948426361455,27.800405329544336,21.646472098863523,2.972741347179429,13.1293049749927,16.861870069772852,122.78229330187646,-92.79111825711091,0.01096450837285162,0.016960941454005007,0.013428566459155317,0.01158886417001329,-0.11212955131720251,0,0,0.30009430451837943,-0.04814450773630274,0.04255856318295816,0.09448421714344618,0.09787216699613799,0.11266485933460513,37,8,1.0,1,v1.0
HVN,2024,-320431000000.0,4626740000000.0,4626740000000.0,-92039600000000.0,17337700000000.0,57159200000000.0,5094510000000.0,-9344240000000.0,-4951180000000.0,1266080000000.0,29591000000000.0,-2190720000000.0,14656300000000.0,-458080000000.0,-1281730000000.0,6171600000000.0,-7608980000000.0,249954000000.0,9440570000000.0,2081550000000.0,7957560000000.0,3369440000000.0,106696000000000.0,40848900000000.0,10371600000000.0,3198510000000.0,14534000000000.0,8415640000000.0,7322320000000.0,-33614200000000.0,-5652270000000.0,14311200000000.0,1015200000000.0,58186600000000.0,67530900000000.0,30504300000000.0,4656850000000.0,1281730000000.0,20482800000000.0,14840860000000.0,-39821500000000.0,9120139000000.0,9697370000000.0,14791880000000.0,0.30332299962210807,1,0.2443746588475696,0.09870572016403309,-0.684375784115243,0.16516273845680135,1,0,1.1605919575984849,-0.16059092643323378,,0.35201919342254057,0.2550563188087979,0.6986935379928525,7.565844600656924,1.0033112761866645,91539900000000.0,57716900000000.0,74742900000000.0,-17025900000000.0,-5631750000000.0,3430700000000.0,4474690000000.0,30797300000000.0,1.2949915882523144,0.07458161505585964,-0.06152235254790534,57951750000000.0,-13185070000000.0,3400070000000.0,4565770000000.0,30650800000000.0,0.13736503711479342,0.029977787358476417,0.07458161505585964,0,0.13731354100609558,-0.6035280813829581,1.841117826467708,27.06991326649157,23.368676039309907,3.002844950213371,13.4836043398711,15.619198939041764,121.55139744197064,-92.44859416305778,0.08848101147184524,0.16290396752470807,0.13979630065644025,0.15737469532844134,-0.025590426518612465,0,0,0.16556823854952868,0.008137997709509693,-0.09649077036079681,0.23449352262873857,0.13610396760376497,-0.13439963065382954,37,8,1.0,1,v1.0
HVN,2025,-1576860000000.0,9895760000000.0,9895760000000.0,-103310000000000.0,32050600000000.0,56433400000000.0,4845740000000.0,6729660000000.0,-3581080000000.0,1515230000000.0,25164400000000.0,-2691390000000.0,17896700000000.0,-560901000000.0,-838122000000.0,3725110000000.0,1175180000000.0,-8185030000000.0,12277500000000.0,5267700000000.0,7607320000000.0,3795530000000.0,121207000000000.0,41124300000000.0,10011800000000.0,7913900000000.0,16157600000000.0,8168220000000.0,9427420000000.0,-26685800000000.0,-6067330000000.0,9378740000000.0,8058910000000.0,73174900000000.0,66445200000000.0,33937300000000.0,5421720000000.0,838122000000.0,13103850000000.0,-4850820000000.0,-24382800000000.0,10700640000000.0,9006342000000.0,13852082000000.0,0.5679367183263812,1,0.5006799165033473,0.3181568007598337,-0.33321261798786195,0.21755733306871464,0,0,0.9080326724054286,0.0919667809590447,9.873485436114157,0.17907574865151848,-0.06629076363616486,0.715724004777222,10.745860387867161,-0.35018706935174077,106696000000000.0,58186600000000.0,67530900000000.0,-9344240000000.0,7957560000000.0,3369440000000.0,4656850000000.0,30504300000000.0,1.1605919575984849,0.06276304173851345,0.07458161505585964,65680750000000.0,-1307290000000.0,3582485000000.0,5039285000000.0,32220800000000.0,0.14765401338206538,0.06529243360531982,0.06276304173851345,0,0.1158226725486539,-5.819152598122835,1.8453961015975,28.837524790752788,24.05242013499931,3.206313933856391,12.657119591520665,15.175188107947562,113.83788597425225,-86.00557827478401,0.10129365465690926,0.1869269154204238,0.184776326958155,0.16291896788632895,-0.07110424287176989,0,0,0.13600322411336882,0.25759023555251553,-0.01607708471233169,-0.0053324604240968625,-0.01181857331734619,-0.25255928519305626,37,8,1.0,1,v1.0
KBC,2022,-274487000000.0,1683150000000.0,1683150000000.0,-684515000000.0,27674100000000.0,10684200000000.0,76156349325.0,17845500000000.0,-595405000000.0,339652000000.0,365388000000.0,-464460000000.0,265751000000.0,-120056000000.0,-522875000000.0,3687090000000.0,861455000000.0,-523225000000.0,-1217560000000.0,-879329000000.0,1576530000000.0,12330200000000.0,950266000000.0,7232430000000.0,6376830000000.0,1686450000000.0,-140075000000.0,1696590000000.0,10895900000000.0,5646310000000.0,-45914808918.0,3951380000000.0,2441800000000.0,34906500000000.0,17061000000000.0,453108000000.0,957697000000.0,522875000000.0,7638470000000.0,3513520000000.0,16989900000000.0,-1492047000000.0,2219465000000.0,2295621349325.0,2.5901892514179816,0,1.436129986334962,0.3860794444132457,0.48672596794293327,-0.11395893000879803,0,0,0.4887628378668729,0.5112371621331271,0.9560393376481466,0.21882657957686963,0.10065517883488749,0.5172999304834607,4.244733444896007,1.5305311570800249,,,,,,,,,,1.6590407317530038,,,,,,,0.27965959005162766,1.7747136065059679,1.6590407317530038,0,,,,,,,,,,,-1.2812833459262984,,-0.07136510169392181,,,1,1,,,,,,,37,8,1.0,0,v1.0
KBC,2023,-1251430000000.0,841304000000.0,841304000000.0,-1923080000000.0,25029400000000.0,6578780000000.0,132516000000.0,20220900000000.0,-426207000000.0,426076000000.0,448814000000.0,-458381000000.0,3695390000000.0,-646156000000.0,-379668000000.0,3322050000000.0,-3996930000000.0,152733000000.0,3002360000000.0,-841845000000.0,2245000000000.0,12218800000000.0,5618480000000.0,8404780000000.0,6634570000000.0,2874380000000.0,3093830000000.0,2891160000000.0,9662550000000.0,7754160000000.0,-354412000000.0,337323000000.0,1864230000000.0,33434200000000.0,13213300000000.0,436133000000.0,615243000000.0,379668000000.0,3659373000000.0,953839000000.0,18450620000000.0,1750930000000.0,3270828000000.0,3403344000000.0,3.8045655881485625,0,1.9472607383131826,0.4112516302414733,0.5518487058162002,0.45637033006119676,0,0,0.39520311537288166,0.6047968846271183,0.6534476704795533,0.10944999431719617,0.02852884172494033,0.09218054568364581,8.6149688675369,0.28026523325294184,950266000000.0,34906500000000.0,17061000000000.0,17845500000000.0,1576530000000.0,12330200000000.0,957697000000.0,453108000000.0,0.4887628378668729,0.39957426207799973,1.6590407317530038,34170350000000.0,19033200000000.0,12274500000000.0,786470000000.0,444620500000.0,0.65772059347012,0.5115938830431006,0.39957426207799973,0,0.06570023426742776,0.11795178950465503,0.16442559119236413,0.15667277689518921,7.143921573613742,4.325216673545192,2329.696372485804,51.092386196978545,84.38883587786259,2296.39992280492,0.5343722857427632,0.08786447900006877,0.22722257119720282,0.05124120765517474,-0.022164244732641017,0,0,4.912533964174242,-0.04217839084411213,-0.22552605357247524,0.01956286663730398,-1.259466469675004,-0.09355972249399125,37,8,1.0,1,v1.0
KBC,2024,-530404000000.0,6566040000000.0,6566040000000.0,-1492310000000.0,36075400000000.0,7092670000000.0,165080000000.0,20644900000000.0,-258842000000.0,451291000000.0,408327000000.0,-459864000000.0,1283470000000.0,-299493000000.0,-268641000000.0,9741100000000.0,6447390000000.0,-1874500000000.0,1151830000000.0,5724730000000.0,423033000000.0,13849700000000.0,2775770000000.0,8654530000000.0,16992400000000.0,933929000000.0,654534000000.0,722527000000.0,13308900000000.0,4811260000000.0,-98035320545.0,371484000000.0,1857950000000.0,44729900000000.0,24085000000000.0,529481000000.0,670879000000.0,268641000000.0,10112584000000.0,1688594000000.0,28982730000000.0,621426000000.0,991168000000.0,1156248000000.0,5.086293314083413,0,3.1336154085837915,1.1877036433388273,0.6479498053874477,0.16239723545575926,0,0,0.5384541436488791,0.46154585635112083,1.1666319526856512,0.2260810777578309,0.03775090040442746,0.036734824650158655,3.6895633950141637,1.4604081477330122,5618480000000.0,33434200000000.0,13213300000000.0,20220900000000.0,2245000000000.0,12218800000000.0,615243000000.0,436133000000.0,0.39520311537288166,0.1524020361917594,0.39957426207799973,39082050000000.0,20432900000000.0,13034250000000.0,643061000000.0,482807000000.0,0.46238341072927513,0.3364576315761032,0.1524020361917594,0,0.010824227490625492,0.020703522260667843,0.07102416582548766,0.11449143602432053,4.316495635717295,3.0909038187101676,3188.0113716318997,84.55933488725651,118.0884367189123,3154.482269800244,0.41495873217161366,0.02947209780449081,0.047823541623417065,0.01590054769389016,-0.018647870313865316,0,0,-0.5059571271945437,0.33784866992480755,0.822784618528301,-0.046619023311213204,-0.24717222588624033,0.14325102827599745,37,8,1.0,1,v1.0
KBC,2025,-130044000000.0,8368530000000.0,8368530000000.0,-3497500000000.0,55045500000000.0,11947600000000.0,181751000000.0,26725800000000.0,-706103000000.0,678601000000.0,514727000000.0,-591413000000.0,3189630000000.0,-721202000000.0,-680631000000.0,26351200000000.0,22721500000000.0,-3575100000000.0,-17343900000000.0,1802500000000.0,2208140000000.0,27073100000000.0,6687130000000.0,14535600000000.0,30907800000000.0,2601170000000.0,2576720000000.0,2929340000000.0,17214900000000.0,6883870000000.0,-161571000000.0,2287010000000.0,1877940000000.0,69581200000000.0,42855300000000.0,595319000000.0,1264870000000.0,680631000000.0,28638210000000.0,18391740000000.0,43097900000000.0,-17473944000000.0,3609971000000.0,3791722000000.0,4.607243295724665,0,2.341256821453681,0.8576174294418962,0.6193900076457434,-1.451663932505273,0,0,0.6159034336861107,0.3840951291440792,1.6035179489482074,0.4115797083120153,0.2643205348571166,0.07985869228558629,5.303859212995,4.85049800591921,2775770000000.0,44729900000000.0,24085000000000.0,20644900000000.0,423033000000.0,13849700000000.0,670879000000.0,529481000000.0,0.5384541436488791,0.3302074282988367,0.1524020361917594,57155550000000.0,23685350000000.0,20461400000000.0,967874500000.0,562400000000.0,0.47698040863569274,0.3889815212206133,0.3302074282988367,0,0.03863386845197011,0.09322809247066224,0.11699878664451659,0.1709316078078724,6.9090879034420265,6.218883357041252,2135.3569692637598,52.82897035050912,58.69220872051466,2129.493730893754,-2.5936238715263498,-0.3034508459808365,-0.40470840246130585,-0.30572611058768573,0.34208471443280664,1,1,1.409108103337092,0.5555858609118286,0.7793356861116878,0.031232434995376653,0.1778053921070773,0.07744929003723156,37,8,1.0,1,v1.0
MSN,2022,-4165320000000.0,13853100000000.0,13853100000000.0,-55154200000000.0,47674600000000.0,65320900000000.0,4406520000000.0,36636700000000.0,-6361640000000.0,2575560000000.0,43535400000000.0,-3854310000000.0,21035000000000.0,-392766000000.0,-4847700000000.0,30425600000000.0,21796200000000.0,-26447300000000.0,-3788850000000.0,-8439940000000.0,4754380000000.0,14445300000000.0,76189200000000.0,93668200000000.0,39385200000000.0,5222740000000.0,9236720000000.0,5147150000000.0,13929600000000.0,11381900000000.0,-12511500000000.0,40567400000000.0,3659180000000.0,141343000000000.0,104706000000000.0,7489370000000.0,2735820000000.0,4847700000000.0,70993000000000.0,53480720000000.0,-17646300000000.0,-7954170000000.0,9994850000000.0,14401370000000.0,0.729852160640775,1,0.5087085450445417,0.26809612237430896,-0.12484735713830894,-0.05800364048872566,0,0,0.7407936721309156,0.25920420537274574,2.857953909604304,0.5022746085763002,0.3783754413023638,0.571428168974406,2.061771561771562,3.7135855824827777,,,,,,,,,,0.062402282738235865,,,,,,,0.27608899949074145,0.06854961070597933,0.062402282738235865,0,,,,,,,,,,,-0.04972948921894442,,-0.03618560540943212,,,1,1,,,,,,,37,8,1.0,0,v1.0
MSN,2023,-2228800000000.0,10124500000000.0,10124500000000.0,-56130500000000.0,43763500000000.0,50422500000000.0,4123660000000.0,38237200000000.0,-8129510000000.0,2405210000000.0,42885800000000.0,-3750000000000.0,22121100000000.0,-693047000000.0,-6946060000000.0,41541900000000.0,3546210000000.0,-7823670000000.0,500461000000.0,-3777000000000.0,1869930000000.0,13174900000000.0,78251600000000.0,103620000000000.0,58723700000000.0,2350430000000.0,8588080000000.0,2562970000000.0,11985000000000.0,11798100000000.0,-14192400000000.0,28030200000000.0,6794790000000.0,147383000000000.0,109146000000000.0,6318000000000.0,2309810000000.0,6946060000000.0,69572100000000.0,52652810000000.0,-6659000000000.0,-1728339000000.0,9509030000000.0,13632690000000.0,0.8679359412960483,1,0.6066458426297784,0.33555039912737367,-0.045181601677262644,0.009925350785859488,0,0,0.7405603088551597,0.25944104815345054,2.8544454091826807,0.47204969365530625,0.3572515826112917,0.4028942636487903,1.3689818400647273,3.8622465558888233,76189200000000.0,141343000000000.0,104706000000000.0,36636700000000.0,4754380000000.0,14445300000000.0,2735820000000.0,7489370000000.0,0.7407936721309156,0.023896380393499943,0.062402282738235865,144363000000000.0,37436950000000.0,13810100000000.0,2522815000000.0,6903685000000.0,0.28269198329491024,0.030036829917854713,0.023896380393499943,0,0.01295297271461524,0.049948780549697556,0.5420474775392586,4.064452828002693,31.01757362311545,8.130512907237222,89.80298589893196,11.767522644904385,44.89261675915946,56.677891784676895,0.006395536960266627,0.0034666846768216233,0.004585243618639254,-0.011972174310592049,0.009486288037793618,0,0,0.027069453413344675,0.042732926285702154,0.0424044467365767,-0.019980535178681518,-0.03850590234473592,-0.00023336327575596005,37,8,1.0,1,v1.0
MSN,2024,-3099300000000.0,18617900000000.0,18617900000000.0,-58522000000000.0,53569700000000.0,58712200000000.0,4132960000000.0,40752400000000.0,-7900140000000.0,4043530000000.0,37049800000000.0,-3916970000000.0,24655700000000.0,-1752420000000.0,-6404710000000.0,38825200000000.0,9671550000000.0,-10693500000000.0,9525460000000.0,8503480000000.0,4272380000000.0,10787400000000.0,83177700000000.0,94015100000000.0,48120200000000.0,6760550000000.0,11376900000000.0,6024800000000.0,21864600000000.0,9326870000000.0,-14565400000000.0,26724200000000.0,607993000000.0,147585000000000.0,106832000000000.0,7171220000000.0,1302890000000.0,6404710000000.0,65549400000000.0,46323507000000.0,-5142500000000.0,6426160000000.0,12429510000000.0,16562470000000.0,0.9124117304410327,1,0.7286781963544203,0.32745993166667237,-0.03484432699800115,0.16223987518778038,0,0,0.7238676017210421,0.2761283328251516,2.6214897772891903,0.44414676288240673,0.31387679642240063,0.4076955700586123,1.940682716313463,2.796896054755118,78251600000000.0,147383000000000.0,109146000000000.0,38237200000000.0,1869930000000.0,13174900000000.0,2309810000000.0,6318000000000.0,0.7405603088551597,0.05136448831838341,0.023896380393499943,147484000000000.0,39494800000000.0,11981150000000.0,1806350000000.0,6744610000000.0,0.29642199772294736,0.08127839553149462,0.05136448831838341,0,0.02896843047381411,0.10817575984686592,0.5639777874210083,4.884506078297993,46.04738837988208,8.676854554970562,74.72608164450976,7.926616749441257,42.06593503297905,40.586763360971965,0.11451939642476289,0.06458639581242712,0.08916298487344616,0.043571912885465545,-0.035617965338613,0,0,0.06295206743376493,0.0013705786963218282,-0.02120096018177487,0.016289563613680128,0.027468107924883467,-0.016692707134117524,37,8,1.0,1,v1.0
MSN,2025,-1878230000000.0,12101900000000.0,12101900000000.0,-56040700000000.0,36234500000000.0,40257500000000.0,3428710000000.0,45078600000000.0,-6916500000000.0,2094250000000.0,35484200000000.0,-3713790000000.0,25580600000000.0,-1124580000000.0,-5418160000000.0,40546200000000.0,-24783800000000.0,16898900000000.0,1369570000000.0,-6515360000000.0,6763510000000.0,11262200000000.0,81621300000000.0,92728700000000.0,43627100000000.0,7922090000000.0,11639900000000.0,7888090000000.0,5639280000000.0,14355600000000.0,-14202500000000.0,24331000000000.0,5379750000000.0,128963000000000.0,83884500000000.0,8362580000000.0,1274260000000.0,5418160000000.0,64877200000000.0,47395550000000.0,-4023000000000.0,-508660000000.0,13306250000000.0,16734960000000.0,0.9000683102527479,1,0.6203142271626405,0.43424579270943303,-0.031194993912982794,0.034020244674905296,0,0,0.6504540061878213,0.34954676922838335,1.8608497158296842,0.5030683219217915,0.36751277498197155,0.37503159815775033,2.455861399441877,2.832128072012123,83177700000000.0,147585000000000.0,106832000000000.0,40752400000000.0,4272380000000.0,10787400000000.0,1302890000000.0,7171220000000.0,0.7238676017210421,0.08286452188338093,0.05136448831838341,138274000000000.0,42915500000000.0,11024800000000.0,1288575000000.0,7766900000000.0,0.31340593693067864,0.0970591009944708,0.08286452188338093,0,0.048913823278418214,0.15760063380363737,0.5902866771771988,5.08314890066033,63.342296723124385,7.215324003141537,71.80588393792368,5.7623423665146225,50.5867788946248,26.981447409813498,0.016779566118157882,0.009904754328362526,0.016326854186411076,-0.0036786380664477775,0.03900906895005569,0,0,-0.018711746056935933,-0.12617813463427854,-0.21479987269731915,0.01801589597465901,0.031500033564997525,-0.0734135955332208,37,8,1.0,1,v1.0
MWG,2022,-4465360000000.0,5061020000000.0,5061020000000.0,-102543000000000.0,44577600000000.0,26000300000000.0,3540320000000.0,23932600000000.0,-1382620000000.0,1313140000000.0,9727500000000.0,-1881030000000.0,30862000000000.0,-1954640000000.0,-1362140000000.0,5901250000000.0,-8606340000000.0,1549110000000.0,7976300000000.0,919067000000.0,4101710000000.0,25696100000000.0,133405000000000.0,11256500000000.0,5901250000000.0,6574690000000.0,10288700000000.0,6056360000000.0,3000820000000.0,8723930000000.0,-22336800000000.0,10688100000000.0,10069200000000.0,55834100000000.0,31901500000000.0,8745830000000.0,178061000000.0,1362140000000.0,16589350000000.0,1459130000000.0,18577300000000.0,3510940000000.0,7418500000000.0,10958820000000.0,1.7145032941927594,0,0.726203159194317,0.5819248239443391,0.3327231924576558,0.30677722949350583,0,0,0.5713623036818002,0.4286376963181998,1.3329725980461797,0.29711860672957924,0.0261333127963019,0.6442747907543093,5.446209640712408,0.13314663440041902,,,,,,,,,,0.030746298864360408,,,,,,,0.23134065439826093,0.04928368501930212,0.030746298864360408,0,,,,,,,,,,,0.05979011281436228,,0.25002899550177893,,,0,0,,,,,,,37,8,1.0,0,v1.0
MWG,2023,-523383000000.0,5365700000000.0,5365700000000.0,-95759200000000.0,51950300000000.0,30765300000000.0,3351310000000.0,23359600000000.0,-1556150000000.0,2166960000000.0,6500140000000.0,-1167650000000.0,22520600000000.0,-521863000000.0,-1447720000000.0,5985250000000.0,7699780000000.0,-10831300000000.0,3435830000000.0,304316000000.0,167829000000.0,21824200000000.0,118280000000000.0,8160900000000.0,5986420000000.0,1047070000000.0,3897220000000.0,689692000000.0,5158850000000.0,8160320000000.0,-20916700000000.0,19128500000000.0,18937000000000.0,60111200000000.0,36751700000000.0,7927070000000.0,308474000000.0,1447720000000.0,25113750000000.0,811050000000.0,21185000000000.0,2912447000000.0,2137412000000.0,5488722000000.0,1.6886004687098777,0,0.9792233457824238,0.7899386646644109,0.3524301627650088,0.1116787419592853,0,0,0.6113952142030105,0.3886064493804815,1.5733017688659052,0.4177881992041417,0.013492493911284419,0.7616743815638843,1.4763987511397232,0.14776663857269506,133405000000000.0,55834100000000.0,31901500000000.0,23932600000000.0,4101710000000.0,25696100000000.0,178061000000.0,8745830000000.0,0.5713623036818002,0.001418912749408184,0.030746298864360408,57972650000000.0,23646100000000.0,23760150000000.0,243267500000.0,8336450000000.0,0.19040074399729456,0.00885246871829557,0.001418912749408184,0,0.0028949685756990582,0.007097534054241503,2.04027243881382,4.0302439168102895,486.2137359080025,11.486807933832747,90.56523811811293,0.7506986599594183,31.775581354063107,59.540355424009235,0.029048275278998986,0.05926639544681846,0.09348764819042385,0.050238293402147395,-0.0563714268711194,0,0,-0.11337656009894681,0.07660372424736854,0.1520367380844161,-0.06785753281935533,-0.029327386114952225,0.040032910521210274,37,8,1.0,1,v1.0
MWG,2024,-303748000000.0,4897330000000.0,4897330000000.0,-106842000000000.0,65836400000000.0,42316200000000.0,2913420000000.0,28121600000000.0,-1188470000000.0,2376500000000.0,3586630000000.0,-3565770000000.0,27499200000000.0,-1092470000000.0,-1137240000000.0,0.0,2757480000000.0,-11743300000000.0,8517330000000.0,-468477000000.0,3733290000000.0,22244700000000.0,134341000000000.0,4601350000000.0,0.0,5227050000000.0,7393900000000.0,4825760000000.0,8825900000000.0,12582100000000.0,-19849800000000.0,27300200000000.0,29324400000000.0,70437800000000.0,42316200000000.0,9179640000000.0,241405000000.0,1137240000000.0,27300200000000.0,-6921530000000.0,23520200000000.0,8213582000000.0,5963000000000.0,8876420000000.0,1.5558202296047376,0,1.0301421205117662,0.8087146293854363,0.33391446070149833,0.20127823386788038,0,0,0.6007598193015682,0.3992401806984318,1.5047579085116067,0.38757882841315316,-0.09826442620297625,1.0,5.243396292779009,-0.7797659416746842,118280000000000.0,60111200000000.0,36751700000000.0,23359600000000.0,167829000000.0,21824200000000.0,308474000000.0,7927070000000.0,0.6113952142030105,0.027789654684720225,0.001418912749408184,65274500000000.0,25740600000000.0,22034450000000.0,274939500000.0,8553355000000.0,0.20469700240432928,0.03890882158090233,0.027789654684720225,0,0.05719369738565596,0.14503508076734808,2.0580931297826868,4.848861668886675,488.6202237219461,12.491238817984287,75.27539965556616,0.747001418033214,29.220480475842834,46.801920597756535,0.06340082327807595,0.13048479881117434,0.20127823386788038,0.12583140430030104,-0.07329110142551838,0,0,0.13578796077105174,0.17179161287746708,0.15140796208066565,0.054622570835471736,0.026370741935312043,-0.010635394901442274,37,8,1.0,1,v1.0
MWG,2025,-888462000000.0,4999930000000.0,4999930000000.0,-124926000000000.0,77201700000000.0,50769500000000.0,1890880000000.0,33176100000000.0,-1542520000000.0,3107350000000.0,2598190000000.0,-4596070000000.0,31001900000000.0,-1560440000000.0,-1470680000000.0,0.0,667172000000.0,-6660780000000.0,6096140000000.0,102537000000.0,7072620000000.0,27266900000000.0,155928000000000.0,6743970000000.0,0.0,8664080000000.0,9339900000000.0,8633070000000.0,10182800000000.0,18068200000000.0,-19330900000000.0,29930900000000.0,33874300000000.0,83945600000000.0,50769500000000.0,13113900000000.0,253359000000.0,1470680000000.0,29930900000000.0,-8943330000000.0,26432200000000.0,5207678000000.0,10103750000000.0,11994630000000.0,1.5206314814997193,0,0.9835590265809196,0.7657004697702361,0.3148729653489879,0.1200748480879268,0,0,0.6047904833606527,0.3952095166393474,1.5303034413327667,0.3565511474097511,-0.10653720981206877,1.0,6.8701213044306035,-0.745611160994545,134341000000000.0,70437800000000.0,42316200000000.0,28121600000000.0,3733290000000.0,22244700000000.0,241405000000.0,9179640000000.0,0.6007598193015682,0.045358242265661076,0.027789654684720225,77191700000000.0,30648850000000.0,24755800000000.0,247382000000.0,11146770000000.0,0.19882189215535376,0.05556461956800575,0.045358242265661076,0,0.09162409948219821,0.23076298131903808,2.020009923346681,5.04633257660831,630.3126339022241,11.207372180461245,72.32975521508733,0.5790777153558052,32.56784856635128,40.34098436409186,0.03909586475809348,0.07897403477316861,0.1200748480879268,0.06746422218969138,0.012650064709029598,0,0,0.16068809968661837,0.19176919210991825,0.19976510178135087,0.04326022098230768,0.01756858758094085,0.004030664059084477,37,8,1.0,1,v1.0
NVL,2022,-293935000000.0,8600170000000.0,8600170000000.0,-6882740000000.0,198115000000000.0,78174100000000.0,-227164000000.0,44817700000000.0,-4148520000000.0,5004800000000.0,3936960000000.0,-1536210000000.0,4251490000000.0,-1800540000000.0,-844310000000.0,35666500000000.0,2363120000000.0,-7965340000000.0,-3046730000000.0,-8648940000000.0,2181530000000.0,134956000000000.0,11134200000000.0,59620200000000.0,134743000000000.0,2615040000000.0,2700770000000.0,3982070000000.0,52345600000000.0,12888800000000.0,-960131000000.0,29202400000000.0,326705000000.0,257735000000000.0,212917000000000.0,10541100000000.0,2939650000000.0,844310000000.0,64868900000000.0,55942025000000.0,119940900000000.0,-3340665000000.0,4826380000000.0,4599216000000.0,2.5342792561730803,0,0.8079274337664265,0.11419223246573994,0.46536520069063186,-0.03897364984054821,0,0,0.8261082119230994,0.17389062409063574,4.75073464278622,0.2516883620773275,0.21705249578054978,0.4501756619890271,5.71636010470088,12.16338284611986,,,,,,,,,,0.19593055630400028,,,,,,,0.3818406351601372,0.23486554938837095,0.19593055630400028,0,,,,,,,,,,,-0.27363708214330623,,-0.014309472705326488,,,1,1,,,,,,,37,8,1.0,0,v1.0
NVL,2023,-12766370275.0,3412520000000.0,3412520000000.0,-3434690000000.0,191155000000000.0,87282700000000.0,1106460000000.0,45302900000000.0,-3244010000000.0,5128130000000.0,2401390000000.0,-1490230000000.0,1322210000000.0,-1513020000000.0,-327707000000.0,26774900000000.0,-4709720000000.0,7148560000000.0,-7626490000000.0,-5187650000000.0,485865000000.0,138935000000000.0,4756900000000.0,50331600000000.0,108901000000000.0,1272590000000.0,2976710000000.0,1998880000000.0,47011000000000.0,13494200000000.0,-291975000000.0,30937500000000.0,43507843256.0,241486000000000.0,196184000000000.0,9876730000000.0,2837440000000.0,327707000000.0,57712400000000.0,54256372156744.0,103872300000000.0,-7639256370275.0,2326587000000.0,3433047000000.0,2.1900674475010513,0,0.5982858000497235,0.03959579439288656,0.4301379790132761,-0.08737687995444687,0,0,0.8124032034983395,0.18760052342578865,4.330495398749307,0.23898859561216798,0.22467709166056832,0.5360633070189422,7.099595065103888,15.804144876765159,11134200000000.0,257735000000000.0,212917000000000.0,44817700000000.0,2181530000000.0,134956000000000.0,2939650000000.0,10541100000000.0,0.8261082119230994,0.10213899808698942,0.19593055630400028,249610500000000.0,45060300000000.0,136945500000000.0,2888545000000.0,10208915000000.0,0.2779562319998318,0.26752506884735855,0.10213899808698942,0,0.0019464926355261497,0.01078255138114926,0.01905729125978274,0.02508070728866593,1.6468152651248293,0.33644025834283076,14553.018613033491,221.63991780361158,1084.8880029929921,13689.770527844112,-1.6032479135571485,-0.030553562450297563,-0.03887416914733108,-0.03060470761556505,0.032500055085823716,1,1,-0.5727667906091143,-0.06304537606456244,-0.078589309449222,-0.006793243873955623,-0.09379155821701085,-0.013705008424759857,37,8,1.0,1,v1.0
NVL,2024,-5666666667.0,4607600000000.0,4607600000000.0,-8989800000000.0,207831000000000.0,107222000000000.0,1553030000000.0,47291000000000.0,-4710870000000.0,5940880000000.0,1937680000000.0,-1449940000000.0,83574055810.0,-1838980000000.0,-291397000000.0,24587700000000.0,2956150000000.0,4210100000000.0,-5971180000000.0,1195080000000.0,-4394640000000.0,146607000000000.0,9073380000000.0,29946900000000.0,83264600000000.0,-676475000000.0,-186101000000.0,-2555660000000.0,54813400000000.0,13281100000000.0,-533972000000.0,36978200000000.0,31258216194.0,237778000000000.0,190487000000000.0,8467330000000.0,2996110000000.0,291397000000.0,61565900000000.0,56927041783806.0,100609000000000.0,-5976846666667.0,-2264263000000.0,-711233000000.0,1.9383242245061647,0,0.5710022196937196,0.0432640523045084,0.42312156717610544,-0.05568987707746544,0,1,0.8011128026983152,0.19888719730168478,4.027975724767926,0.25892176736283423,0.23941256879865253,0.6006279450150165,-7.770371692227442,,4756900000000.0,241486000000000.0,196184000000000.0,45302900000000.0,485865000000.0,138935000000000.0,2837440000000.0,9876730000000.0,0.8124032034983395,-0.4843443127037554,0.10213899808698942,239632000000000.0,46296950000000.0,142771000000000.0,2916775000000.0,9172030000000.0,0.009210906609223905,-0.07455600889635396,-0.4843443127037554,1,-0.01833911998397543,-0.09492288368888231,0.03786380783868599,0.06296656884101114,3.110757600431984,0.9801319882294323,5796.726845981,117.33476113642324,372.3988242230083,5541.662782894416,-0.6580987460020411,-0.024918124457501502,-0.031346916062513455,-0.024941771827915304,0.006579004473526074,1,0,0.907414492631756,-0.015354927407800038,-0.029039065367206296,-0.02036666638846231,-0.5864833107907448,-0.011290400800024303,37,8,1.0,1,v1.0
NVL,2025,-23793897176.0,4395470000000.0,4395470000000.0,-2540530000000.0,206852000000000.0,95996800000000.0,1043690000000.0,58893000000000.0,-3672680000000.0,3188110000000.0,1900530000000.0,-1289620000000.0,4425220000000.0,-1165760000000.0,-148465000000.0,35672700000000.0,5666900000000.0,266367000000.0,-6145390000000.0,-212127000000.0,1861410000000.0,153324000000000.0,6965750000000.0,43055500000000.0,95018000000000.0,2061900000000.0,2917150000000.0,3027170000000.0,46997600000000.0,16975600000000.0,-611303000000.0,31718000000000.0,53843467143.0,249908000000000.0,191015000000000.0,8067790000000.0,3274280000000.0,148465000000.0,67390700000000.0,62941386532857.0,110855200000000.0,-6169183897176.0,3175635000000.0,4219325000000.0,2.1547801593386446,0,0.5576019200640021,0.046348560234747406,0.44358403892632486,-0.06401661305376846,0,0,0.7643412775901531,0.2356587224098468,3.2434245156470207,0.2696620356291115,0.2518582299600533,0.4706584142915862,21.38978883912033,14.917406583483615,9073380000000.0,237778000000000.0,190487000000000.0,47291000000000.0,-4394640000000.0,146607000000000.0,2996110000000.0,8467330000000.0,0.8011128026983152,0.2672231992247784,-0.4843443127037554,243843000000000.0,53092000000000.0,149965500000000.0,3135195000000.0,8267560000000.0,0.635282632882317,0.29600545526325234,0.2672231992247784,0,0.0076336413183892915,0.03506008438182777,0.028566536664985258,0.016940763042166365,2.221791626996088,0.3072889703854583,21545.66468414071,164.2818325377741,1187.8070323908792,20522.139484287603,-0.8822294799554965,-0.025202240786079567,-0.03217229013428265,-0.02529981954444458,0.03283588210446886,1,1,-0.2322871961716582,0.05101397101498036,0.0027718426979268926,0.025656057381183796,0.7515675119285338,-0.03677152510816206,37,8,1.0,1,v1.0
PDR,2022,-80901043000.0,261762000000.0,261762000000.0,-227303000000.0,18216500000000.0,11028800000000.0,13990105797.0,9260530000000.0,-759742000000.0,1371610000000.0,38159996196.0,-274502000000.0,1277270000000.0,-321749000000.0,-505711000000.0,1771910000000.0,961564000000.0,2584920000000.0,-3778750000000.0,-232268000000.0,1160630000000.0,12181200000000.0,1504570000000.0,4626750000000.0,2553970000000.0,1588330000000.0,986499000000.0,1482380000000.0,5649830000000.0,1155080000000.0,-26251976329.0,2667970000000.0,9370299200.0,22843300000000.0,13582800000000.0,456503000000.0,2076870000000.0,505711000000.0,4439880000000.0,4168747700800.0,7187700000000.0,-3859651043000.0,1988091000000.0,2002081105797.0,1.6517209487886262,0,0.5472308864064993,0.02458402538807486,0.3146524363817837,-0.34262567097054986,0,0,0.594607609233342,0.4053937040620226,1.4667411044508252,0.19436246076530098,0.1824932343750684,0.6009103849653594,3.931278932038259,2.082207203658955,,,,,,,,,,0.7714031251453903,,,,,,,0.8489269359351841,1.0556703908757985,0.7714031251453903,0,,,,,,,,,,,-2.511514917883515,,-0.27820110728273995,,,1,1,,,,,,,37,8,1.0,0,v1.0
PDR,2023,-104996000000.0,505107000000.0,505107000000.0,-73816280440.0,16916400000000.0,9176990000000.0,12685366336.0,9579390000000.0,-399488000000.0,952218000000.0,27038307984.0,-199439000000.0,543699000000.0,-206858000000.0,-344196000000.0,2290490000000.0,-671876000000.0,489826000000.0,425394000000.0,243344000000.0,682502000000.0,12199600000000.0,617515000000.0,4151450000000.0,2311440000000.0,859311000000.0,381287000000.0,889360000000.0,4114800000000.0,1831860000000.0,-14473776877.0,814681000000.0,15370299200.0,21067800000000.0,11488400000000.0,243383000000.0,2311500000000.0,344196000000.0,3105171000000.0,2584693700800.0,7739410000000.0,320398000000.0,1233556000000.0,1246241366336.0,1.843349507845165,0,0.5139811637584872,0.05671546980001068,0.36735729406962286,0.046354414682809944,0,0,0.5453061069499425,0.4546934183920485,1.1992830441186757,0.14738942841682567,0.12268455656499493,0.2623626846959475,3.583876628432637,2.0739912593329364,1504570000000.0,22843300000000.0,13582800000000.0,9260530000000.0,1160630000000.0,12181200000000.0,2076870000000.0,456503000000.0,0.594607609233342,1.1052395488368703,0.7714031251453903,21955550000000.0,9419960000000.0,12190400000000.0,2194185000000.0,349943000000.0,0.8804628227654389,1.3915629579848263,1.1052395488368703,0,0.031085625274702752,0.0724527492685744,0.02812569031520504,0.006055279600341252,0.28143251366680566,0.2109380111618178,60277.976260490104,1296.9361473000656,1730.3661771988359,59844.54623059134,0.6888804320542821,0.019375237696163384,0.03702813272518366,0.014593030008357795,0.011710387578539367,0,0,-0.5895737652618356,-0.07772519732262852,-0.15419501133786848,-0.021777090530640315,0.3338364236914799,-0.04930150228339947,37,8,1.0,1,v1.0
PDR,2024,-76735554243.0,343676000000.0,343676000000.0,-422793000000.0,21482500000000.0,8562370000000.0,16697610399.0,11058500000000.0,-319865000000.0,401458000000.0,744223000000.0,-195212000000.0,398898000000.0,-106523000000.0,-284861000000.0,3960640000000.0,3544610000000.0,910159000000.0,-4616200000000.0,-161431000000.0,155184000000.0,14077700000000.0,821691000000.0,2503030000000.0,4364670000000.0,198582000000.0,255042000000.0,261707000000.0,6860590000000.0,1954620000000.0,-36866109015.0,1382730000000.0,115370000000.0,23985600000000.0,12927000000000.0,348223000000.0,2806270000000.0,284861000000.0,5343370000000.0,4884324000000.0,12920130000000.0,-4692935554243.0,546568000000.0,563265610399.0,2.5089432014734236,0,0.8648072905048485,0.053612025642433114,0.538661947168301,-0.5391264334524203,0,0,0.5389483690214129,0.4610474618104196,1.168965049509427,0.22277408111533586,0.2036356814088453,0.2587748929982389,1.9187182520597765,8.671440098287015,617515000000.0,21067800000000.0,11488400000000.0,9579390000000.0,682502000000.0,12199600000000.0,2311500000000.0,243383000000.0,0.5453061069499425,0.1888593157281752,1.1052395488368703,22526700000000.0,10318945000000.0,13138650000000.0,2558885000000.0,295803000000.0,0.485459862649098,0.2416747901583442,0.1888593157281752,0,0.00688889184833997,0.015038746693581562,0.03647631477313588,0.03217933349316711,0.3211129065979909,1.4293059908114523,11342.683653702876,1136.6718450122978,255.36869106158332,12223.98680765359,-5.617926933603995,-0.20492127120261733,-0.35709754776823704,-0.20832769798696657,0.21181016305095732,1,1,0.3306413609386007,0.1384957138381796,0.1252219630235716,-0.023408577377068102,-0.9163802331086951,-0.006357737928529672,37,8,1.0,1,v1.0
PDR,2025,-27159681402.0,375924000000.0,375924000000.0,-604788000000.0,24175700000000.0,10257700000000.0,12521972071.0,12423900000000.0,-349041000000.0,637996000000.0,733238000000.0,-236517000000.0,720187000000.0,-136348000000.0,-346780000000.0,4438060000000.0,1435410000000.0,1572250000000.0,-2975420000000.0,32248045932.0,514688000000.0,16714700000000.0,1324970000000.0,3094540000000.0,4588590000000.0,735062000000.0,479020000000.0,651036000000.0,6999950000000.0,1736090000000.0,-24549731324.0,1106140000000.0,0.0,27270200000000.0,14846300000000.0,164133000000.0,1929690000000.0,346780000000.0,5544200000000.0,5168276000000.0,13918000000000.0,-3002579681402.0,997816000000.0,1010337972071.0,2.356834378076957,0,0.7273560349786015,0.03664798151632432,0.5103739613204157,-0.2900669740780097,0,0,0.5444147824365058,0.45558521756349424,1.1949790323489404,0.20330617303870158,0.18952101561411358,0.1995130045813643,2.877374704423554,5.115393207884705,821691000000.0,23985600000000.0,12927000000000.0,11058500000000.0,155184000000.0,14077700000000.0,2806270000000.0,348223000000.0,0.5389483690214129,0.38845256873740536,0.1888593157281752,25627900000000.0,11741200000000.0,15396200000000.0,2367980000000.0,256178000000.0,0.5435496652754402,0.5547763345585183,0.38845256873740536,0,0.020083112545311945,0.04383606445678465,0.05170029538120564,0.03928164092438394,0.5595359758106065,2.360811623168266,9291.87252392574,652.3262413488607,154.60784605514658,9789.590919219454,-2.245650844924791,-0.1161008120056657,-0.20041491819510585,-0.11716058207664304,0.13618392455097764,1,1,0.6124918004456663,0.1369404976319125,0.14847218998994352,0.014027836849683353,0.19959325300923017,0.005466413415092908,37,8,1.0,1,v1.0
POM,2022,-47100973670.0,206283000000.0,206283000000.0,-13441400000000.0,3936780000000.0,7679980000000.0,231452000000.0,2611300000000.0,-556160000000.0,102646000000.0,1621780000000.0,-120617000000.0,-424074000000.0,-821927907.0,-433075000000.0,740335000000.0,-2419880000000.0,97233564741.0,2103200000000.0,-219441000000.0,-1079870000000.0,1192870000000.0,13017400000000.0,7094840000000.0,740335000000.0,-1065720000000.0,-425270000000.0,-1079050000000.0,1877430000000.0,-444683000000.0,-47995636087.0,5478330000000.0,0.0,11031600000000.0,8420320000000.0,2010670000000.0,1857280000000.0,433075000000.0,6218665000000.0,6012382000000.0,-3743200000000.0,2056099026330.0,-645975000000.0,-414523000000.0,0.5126028974033786,1,0.35728087833562067,0.02685983557248847,-0.33931614634323215,0.27385487983041623,0,1,0.7632909097501722,0.23671090322346713,3.2245701374794162,0.5637137858515537,0.5450145037891149,0.8809495285563702,-1.4916007619927265,,,,,,,,,,,-0.08295588980902484,,,,,,,-0.032577473228140794,-0.08186888318711878,-0.08295588980902484,1,,,,,,,,,,,0.16156836234578334,,0.24977673057556007,,,0,0,,,,,,,37,8,1.0,0,v1.0
POM,2023,-870000000.0,8125792793.0,8125792793.0,-3353520000000.0,2552900000000.0,7855070000000.0,176280000000.0,1216450000000.0,-700665000000.0,16473467507.0,1446370000000.0,-185110000000.0,-285385000000.0,-6821402747.0,-674453000000.0,843242000000.0,-88028908878.0,36807335091.0,-146965000000.0,-198186000000.0,-1394850000000.0,660450000000.0,3068140000000.0,7511080000000.0,992459000000.0,-1162460000000.0,-537079000000.0,-1388030000000.0,1245850000000.0,-1646940000000.0,-7776045082.0,5478570000000.0,0.0,10064000000000.0,8847530000000.0,1648340000000.0,1200560000000.0,674453000000.0,6321812000000.0,6313686207207.0,-5302170000000.0,-147835000000.0,-713577000000.0,-537297000000.0,0.32500028643920426,1,0.2409208320231392,0.0010344647206199308,-0.5268451907790143,-0.01870957228898024,0,1,0.8791265898251193,0.12087142289348171,7.273237699864359,0.6281609697933227,0.6273535579498212,0.8666138758950757,-1.05800848984288,,13017400000000.0,11031600000000.0,8420320000000.0,2611300000000.0,-1079870000000.0,1192870000000.0,1857280000000.0,2010670000000.0,0.7632909097501722,-0.454623974134166,-0.08295588980902484,10547800000000.0,1913875000000.0,926660000000.0,1528920000000.0,1829505000000.0,-0.09301563813906796,-0.37888101585977174,-0.454623974134166,1,-0.13224084643243142,-0.7288093527529227,0.2908796147063843,3.6189325103058296,2.0067367815189807,1.8330204071593137,100.8584710990243,181.88733239030813,199.12489712302295,83.6209063663095,-0.04790035656782285,-0.013933237262746733,-0.016610850712006627,-0.014015718917688996,-0.11830760916968468,1,0,-0.76430469986326,-0.08771166467239566,0.050735601497330265,-0.029862151349096495,-0.37166808432514115,0.11583568007494704,37,8,1.0,1,v1.0
POM,2024,0.0,58765361462.0,58765361462.0,-2404180000000.0,2574520000000.0,8988550000000.0,172104000000.0,205705000000.0,-727034000000.0,8622369735.0,1274270000000.0,-76053991270.0,-26323481833.0,276452105.0,-688039000000.0,676075000000.0,38417545382.0,-128258000000.0,140451000000.0,50610450769.0,-1010750000000.0,803980000000.0,2377860000000.0,7295810000000.0,676075000000.0,-833300000000.0,-131395000000.0,-1011020000000.0,1079430000000.0,-2656720000000.0,-12510517737.0,5554160000000.0,0.0,9870330000000.0,9664620000000.0,2325640000000.0,1035220000000.0,688039000000.0,6230235000000.0,6171469638538.0,-6414030000000.0,140451000000.0,-322981000000.0,-150877000000.0,0.28642217042793333,1,0.19697726552113523,0.006537802144061055,-0.6498293370130482,0.015625545833310155,0,1,0.9791587515311039,0.020840741900220155,46.98291242313021,0.6312083790511563,0.6252546407808047,0.8914848316315516,-0.4694225182002764,,3068140000000.0,10064000000000.0,8847530000000.0,1216450000000.0,-1394850000000.0,660450000000.0,1200560000000.0,1648340000000.0,0.8791265898251193,-0.42506707711976316,-0.454623974134166,9967165000000.0,711077500000.0,732215000000.0,1117890000000.0,1986990000000.0,-0.011070240398089038,-0.35044115296947675,-0.42506707711976316,1,-0.10140797307960689,-1.421434372484012,0.23856934243588823,3.283434510355565,2.1270965837425866,1.2099607949712883,111.16408713157917,171.59540511215965,301.66266668885027,-18.90317444511146,0.059066135096263024,0.01409136901014481,0.014532490672163003,0.01409136901014481,-0.1154993420897517,0,0,-0.22498321458603585,-0.019243839427662956,0.092352328842061,0.03853653471172595,0.02955689701440284,0.10003216170598461,37,8,1.0,1,v1.0
POM,2025,-7278362041.0,25872959800.0,25872959800.0,-2073540000000.0,2002090000000.0,9480380000000.0,166640000000.0,-630742000000.0,-745195000000.0,2126760131.0,1114910000000.0,-73995380005.0,132919000000.0,1397423950.0,-710808000000.0,10266875620.0,-255989000000.0,9964883646.0,213128000000.0,-32896162571.0,-836447000000.0,384973000000.0,2206460000000.0,6857810000000.0,10266875620.0,-687542000000.0,51777904337.0,-837845000000.0,1029460000000.0,-3492400000000.0,-3397027293.0,5955950000000.0,3000000000.0,8859900000000.0,9490640000000.0,1603030000000.0,988166000000.0,710808000000.0,5966216875620.0,5937343915820.0,-7478290000000.0,205849637959.0,-127037000000.0,39603000000.0,0.21118246315021127,1,0.17057512462580615,0.003045548786019126,-0.8440603167078635,0.02248095540474116,1,0,1.0711904197564306,-0.07119064549261278,,0.6733955096129753,0.6701366737570401,0.9982791648654352,-0.17872196148608344,149.9215694725147,2377860000000.0,9870330000000.0,9664620000000.0,205705000000.0,-1010750000000.0,803980000000.0,1035220000000.0,2325640000000.0,0.9791587515311039,-0.37909003562267163,-0.42506707711976316,9365115000000.0,-212518500000.0,594476500000.0,1011693000000.0,1964335000000.0,0.060240838265819455,-0.3116041079376014,-0.37909003562267163,1,-0.08931518726678743,3.9358785235167764,0.23560415435368387,3.4880100390848083,2.1809580574344194,1.055593877826338,104.64419422822805,167.35764301188328,345.7769201462234,-73.77508290611206,0.09659273224984817,0.022757648998437286,0.02245665202768201,0.02198047092416911,-0.11207283626522473,0,0,-0.07208161960754628,-0.10237043746257724,-0.018001742437881676,0.018611944434211432,0.04597704149709153,0.09203166822532671,37,8,1.0,1,v1.0
REE,2022,-738142000000.0,1151270000000.0,1151270000000.0,-5042140000000.0,8573480000000.0,4086210000000.0,1225260000000.0,19203700000000.0,-941633000000.0,186792000000.0,15841900000000.0,-577624000000.0,4329780000000.0,-363184000000.0,-882747000000.0,9945950000000.0,-1480540000000.0,-768233000000.0,1569130000000.0,-679636000000.0,3515380000000.0,1408570000000.0,9371930000000.0,25341100000000.0,10624700000000.0,3985850000000.0,5002910000000.0,3878560000000.0,4013300000000.0,10704600000000.0,-88908329412.0,1455130000000.0,1749360000000.0,33914600000000.0,14710900000000.0,649942000000.0,2664130000000.0,882747000000.0,11401080000000.0,8500450000000.0,4487270000000.0,830988000000.0,4761307000000.0,5986567000000.0,2.0981496300973275,0,1.75343655857139,0.7098582794325304,0.1323108631680751,0.38400620624001214,0,0,0.43376304010662076,0.5662369598933793,0.7660450850617329,0.33617026295459773,0.2506427910103613,0.12763089110856166,5.393739089455982,1.4199206323089677,,,,,,,,,,0.37509669833214715,,,,,,,0.46199448779493657,0.42529660379452255,0.37509669833214715,0,,,,,,,,,,,0.16742869398298962,,0.10666444609099375,,,0,0,,,,,,,37,8,1.0,0,v1.0
REE,2023,-872514000000.0,3022800000000.0,3022800000000.0,-4859980000000.0,9524180000000.0,3944550000000.0,1263900000000.0,20770100000000.0,-1016430000000.0,227056000000.0,14916500000000.0,-663076000000.0,3709940000000.0,-269435000000.0,-938880000000.0,9504890000000.0,-1587570000000.0,642334000000.0,2816770000000.0,1871530000000.0,2786660000000.0,1353830000000.0,8569920000000.0,25388100000000.0,10197600000000.0,3042130000000.0,4480890000000.0,3056090000000.0,3780070000000.0,11802500000000.0,-92540436139.0,1237930000000.0,1132370000000.0,34912300000000.0,14142200000000.0,619168000000.0,3383810000000.0,938880000000.0,10742820000000.0,6587650000000.0,5579630000000.0,1944256000000.0,3994970000000.0,5258870000000.0,2.4145162312557833,0,2.0713009088489183,1.0533951908329213,0.15981845939683148,0.7140915947319719,0,0,0.40507786653987277,0.5949221334601272,0.680892244139412,0.30770874448260355,0.18869137811029352,0.1152332441574931,4.255037917518746,1.2526740535514282,9371930000000.0,33914600000000.0,14710900000000.0,19203700000000.0,3515380000000.0,1408570000000.0,2664130000000.0,649942000000.0,0.43376304010662076,0.3251675628243904,0.37509669833214715,34413450000000.0,19986900000000.0,1381200000000.0,3023970000000.0,634555000000.0,0.43290252417758857,0.35497764273178745,0.3251675628243904,0,0.08097589750519056,0.13942432293152016,0.24902821425925037,3.518664929047205,2.8339963690115972,7.658879056976937,103.7325256482537,128.79339013666404,47.657104555985825,184.86881122893192,0.3286810145252231,0.08185084610813505,0.1991748101426935,0.056496980105162374,-0.0008749486029444882,0,0,-0.08557575654107531,0.029418008763187536,-0.0386584097505931,-0.021175441578801312,-0.04992913550775674,-0.02868517356674799,37,8,1.0,1,v1.0
REE,2024,-1035030000000.0,5635910000000.0,5635910000000.0,-5259570000000.0,11285800000000.0,4070050000000.0,1298490000000.0,22454800000000.0,-790736000000.0,317756000000.0,13961300000000.0,-577607000000.0,3124100000000.0,-291606000000.0,-737977000000.0,9142740000000.0,-1375160000000.0,204723000000.0,3783530000000.0,2613090000000.0,2396000000000.0,1276820000000.0,8383670000000.0,25076600000000.0,9837500000000.0,2672350000000.0,3819190000000.0,2687610000000.0,3129680000000.0,12761400000000.0,-118200000000.0,1254300000000.0,1060070000000.0,36362300000000.0,13907600000000.0,724471000000.0,2611500000000.0,737977000000.0,10397040000000.0,3701060000000.0,7215750000000.0,2748500000000.0,3425587000000.0,4724077000000.0,2.772889767938969,0,2.4591786341691133,1.6451837201017188,0.19844041768534992,0.9296028304320586,0,0,0.3824730558848038,0.6175296942162625,0.6193597805369008,0.28592910789471515,0.10178289052122666,0.12064010526072805,4.641861467227298,0.7834461631340894,8569920000000.0,34912300000000.0,14142200000000.0,20770100000000.0,2786660000000.0,1353830000000.0,3383810000000.0,619168000000.0,0.40507786653987277,0.28579369178414704,0.3251675628243904,35637300000000.0,21612450000000.0,1315325000000.0,2997655000000.0,671819500000.0,0.372641098707368,0.31875658273763163,0.28579369178414704,0,0.06723292729808375,0.1108620262857751,0.23524986460814934,3.998684735711706,2.7967427872787227,7.828843908222372,91.2800143357727,130.50896266193683,46.62246485929458,175.16651213841496,0.45129758208517273,0.10616769508352204,0.27204765739595616,0.07712424903121168,-0.03893476778543829,0,0,-0.02173299167320115,0.041532640358842014,-0.01658864957361655,-0.010962109924152504,-0.03937387104024337,-0.022604810655068974,37,8,1.0,1,v1.0
REE,2025,-2022500000000.0,3045830000000.0,3045830000000.0,-6236410000000.0,13701500000000.0,5147200000000.0,1384900000000.0,24796500000000.0,-740461000000.0,447184000000.0,14129600000000.0,-655042000000.0,3775200000000.0,-369313000000.0,-687712000000.0,9379680000000.0,-745468000000.0,-4555510000000.0,2710880000000.0,-2590090000000.0,3150400000000.0,1523630000000.0,10011600000000.0,26373400000000.0,10131100000000.0,3546840000000.0,4476550000000.0,3519720000000.0,4191910000000.0,14103500000000.0,-119704000000.0,1472600000000.0,4651700000000.0,40074900000000.0,15278300000000.0,1258080000000.0,3077040000000.0,687712000000.0,10852280000000.0,3154750000000.0,8554300000000.0,688380000000.0,4207432000000.0,5592332000000.0,2.661932701274479,0,2.3659212775878147,1.4954790954305253,0.2134578002689963,0.5266708113148897,0,0,0.38124362131908,0.6187538833534207,0.6161474401629262,0.270799927136437,0.0787213442828304,0.13569498759707638,6.1180145177050855,0.5641206566419876,8383670000000.0,36362300000000.0,13907600000000.0,22454800000000.0,2396000000000.0,1276820000000.0,2611500000000.0,724471000000.0,0.3824730558848038,0.3146749770266491,0.28579369178414704,38218600000000.0,23625650000000.0,1400225000000.0,2844270000000.0,991275500000.0,0.3770825842023253,0.354273043269807,0.3146749770266491,0,0.08243106759535933,0.13334659575503743,0.2619562202697116,4.453862772054491,3.5199189950321172,6.291298433180281,81.95133498278656,103.6955681409565,58.01664058328429,127.63026254045877,0.2707739022733629,0.07093090798721041,0.17743335318720016,0.01801164877834353,0.011500159608148913,0,0,0.19417868308270722,0.10210025218426777,0.09855762317006529,0.0197390799244347,0.028881285242502053,-0.0012294345657237749,37,8,1.0,1,v1.0
SAB,2022,-533164000000.0,4069460000000.0,4069460000000.0,-24208400000000.0,26860200000000.0,9213860000000.0,561105000000.0,24590800000000.0,-81993117030.0,1090560000000.0,4454980000000.0,-740666000000.0,10770700000000.0,-1313620000000.0,-45517297000.0,374433000000.0,-2047710000000.0,-1867770000000.0,4378520000000.0,463042000000.0,5499800000000.0,2193520000000.0,34979100000000.0,7604850000000.0,660367000000.0,6829660000000.0,6059080000000.0,6813420000000.0,897693000000.0,15564900000000.0,-4532070000000.0,658626000000.0,19411500000000.0,34465100000000.0,9874230000000.0,2766280000000.0,337852000000.0,45517297000.0,1033059000000.0,-22447901000000.0,17646340000000.0,3845356000000.0,6858937297000.0,7420042297000.0,2.9151951516519676,0,2.67712771845893,2.5484389821421205,0.5120060583024567,0.47521017250099307,0,0,0.2864993863357425,0.7134985826241619,0.4015416334564146,0.029974060716492917,-0.6513226713399932,0.637549259045224,150.688589812352,-3.025306339436356,,,,,,,,,,0.15723103224496915,,,,,,,0.3079181568422286,0.19524973484166258,0.15723103224496915,0,,,,,,,,,,,0.12517531897618864,,0.4434290066162121,,,0,0,,,,,,,37,8,1.0,0,v1.0
SAB,2023,-283735000000.0,5039910000000.0,5039910000000.0,-21370000000000.0,26553400000000.0,8224610000000.0,570032000000.0,25485200000000.0,-73433682681.0,1432570000000.0,3969720000000.0,-800692000000.0,9091360000000.0,-1115360000000.0,-50214725919.0,170828000000.0,-3685030000000.0,2550930000000.0,2104720000000.0,970623000000.0,4255050000000.0,2317500000000.0,30461400000000.0,7503220000000.0,346858000000.0,5402630000000.0,4376500000000.0,5370410000000.0,1229400000000.0,10217300000000.0,-4479230000000.0,530129000000.0,17741100000000.0,34056600000000.0,8571470000000.0,2476370000000.0,467367000000.0,50214725919.0,700957000000.0,-22080053000000.0,18328790000000.0,1820985000000.0,5420624725919.0,5990656725919.0,3.2285299850084077,0,2.9467537062547646,2.7698589963536264,0.5381861371951399,0.25590514322259655,0,0,0.25168308051890087,0.7483189748829889,0.33633128246982563,0.02058211917807415,-0.6483340380425527,0.7562931820354173,107.948905957644,-3.6857483261341097,34979100000000.0,34465100000000.0,9874230000000.0,24590800000000.0,5499800000000.0,2193520000000.0,337852000000.0,2766280000000.0,0.2864993863357425,0.1396866197876657,0.15723103224496915,34260850000000.0,25038000000000.0,2255510000000.0,402609500000.0,2621325000000.0,0.29845509398780096,0.17735987183780128,0.1396866197876657,0,0.12419569275134738,0.1699436855978912,0.8891022843858223,9.474575594876546,75.65991363840148,8.152365692922473,38.52415301824988,4.824219093672648,44.7722800655124,-1.4239079535898682,0.06909465750096844,0.06143221782296703,0.24554947984418074,0.05315060776367195,0.06276347492838036,0,0,-0.12915426640479602,-0.011852569700943854,-0.13193535090837463,-0.03633155628071107,-0.017544412457303454,-0.03481630581684164,37,8,1.0,1,v1.0
SAB,2024,-296018000000.0,4477500000000.0,4477500000000.0,-22554200000000.0,25066700000000.0,8657140000000.0,548884000000.0,24437100000000.0,-24787963014.0,1067080000000.0,3593250000000.0,-839414000000.0,9318200000000.0,-1152590000000.0,-27449548631.0,169444000000.0,-4943450000000.0,18884385322.0,4362510000000.0,-562056000000.0,4494770000000.0,1978540000000.0,31872400000000.0,8372670000000.0,345173000000.0,5676960000000.0,4980060000000.0,5647360000000.0,1818470000000.0,9217800000000.0,-4041560000000.0,245384000000.0,16566200000000.0,33439400000000.0,9002310000000.0,2642250000000.0,433141000000.0,27449548631.0,414828000000.0,-20628872000000.0,16409560000000.0,4066492000000.0,5674809548631.0,6223693548631.0,2.895494354948632,0,2.666950055099028,2.4307912312842346,0.4907253120570345,0.5039204633400869,0,0,0.26921266529901855,0.7307876337494094,0.3683870017309746,0.012405366124990281,-0.6169031741000137,0.5915319120213679,206.73598771756065,-3.3145706546778233,30461400000000.0,34056600000000.0,8571470000000.0,25485200000000.0,4255050000000.0,2317500000000.0,467367000000.0,2476370000000.0,0.25168308051890087,0.14102389528243872,0.1396866197876657,33748000000000.0,24961150000000.0,2148020000000.0,450254000000.0,2559310000000.0,0.2923595336403911,0.178115234497559,0.14102389528243872,0,0.1331862628896527,0.18007062975864493,0.9444233732369326,10.499995344549864,70.78759988806318,8.812609648694375,34.76192017451295,5.156270315382588,41.41792437772122,-1.499733887825684,0.13687422346607095,0.12926721583501244,0.4845989529354132,0.12049579234324997,0.003919047054640275,0,0,0.046320917620332615,-0.018122772091165883,0.05026442372195201,0.007103235747303544,0.001337275494773027,0.01752958478011768,37,8,1.0,1,v1.0
SAB,2025,-241544000000.0,4016880000000.0,4016880000000.0,-16587600000000.0,22141000000000.0,8880280000000.0,730272000000.0,22999800000000.0,-26256910484.0,1006650000000.0,5068260000000.0,-983559000000.0,9300560000000.0,-1078840000000.0,-34346202652.0,167936000000.0,-6787750000000.0,2428270000000.0,3898880000000.0,-460598000000.0,4573130000000.0,2027350000000.0,25888200000000.0,10456400000000.0,717257000000.0,5553290000000.0,5185200000000.0,5651970000000.0,902823000000.0,7047140000000.0,-4022370000000.0,267584000000.0,14985500000000.0,32597400000000.0,9597540000000.0,2403620000000.0,697568000000.0,34346202652.0,435520000000.0,-18566860000000.0,13260720000000.0,3657336000000.0,5686316202652.0,6416588202652.0,2.493277239005977,0,2.2649792574108023,2.139840185219385,0.40680299655800767,0.43904921916876494,0,0,0.29442654935669715,0.705571610005706,0.41728797641718623,0.013360574769766913,-0.5695810095283673,0.6144011756061719,165.5588031162124,-2.893572006432678,31872400000000.0,33439400000000.0,9002310000000.0,24437100000000.0,4494770000000.0,1978540000000.0,433141000000.0,2642250000000.0,0.26921266529901855,0.1766492069746062,0.14102389528243872,33018400000000.0,23718450000000.0,2002945000000.0,565354500000.0,2522935000000.0,0.35925865838490123,0.21451047195247255,0.1766492069746062,0,0.13850247134930826,0.19280897360493623,0.7840537397329974,8.28160533614253,45.79109213776489,6.574723486732714,44.07358056620608,7.9709826291515045,55.51564270901155,-3.4710795136539616,0.15060452252377532,0.11808203910546847,0.4062374316752001,0.11076660286385773,0.020420432243839798,0,0,-0.1877549227544835,-0.025179877629383302,0.06611969594470753,0.002373222203377511,0.03562531169216748,0.025213884057678604,37,8,1.0,1,v1.0
TTF,2022,-89137148513.0,169628000000.0,169628000000.0,-1693690000000.0,1944600000000.0,1503520000000.0,70068277395.0,432861000000.0,-75217166017.0,24729712751.0,372762000000.0,-117135000000.0,307587000000.0,-1147501227.0,-63086921928.0,8180000000.0,-5333600000.0,-322654000000.0,253012000000.0,-74976151645.0,-1229591052.0,679078000000.0,2001280000000.0,1061470000000.0,1069680000000.0,-18648527671.0,39338494185.0,-82089825.0,672061000000.0,-3070260000000.0,-156943000000.0,26651600000.0,46925900000.0,3006070000000.0,2573200000000.0,287084000000.0,701690000000.0,63086921928.0,34831600000.0,-181722300000.0,441080000000.0,163874851487.0,63004832103.0,133073109498.0,1.2933649036926678,0,0.8417061296158348,0.14403127327870596,0.14672978340491072,0.1682797701394062,0,0,0.8560013572538231,0.14399564880392007,5.944633496665211,0.01158708879034753,-0.060451785886556204,0.7651557780865651,0.9986987822120457,-1.365582428227028,,,,,,,,,,-0.0006144023085225456,,,,,,,0.15369513511352734,-0.009318300123421011,-0.0006144023085225456,1,,,,,,,,,,,0.126425087943716,,0.0983258199906731,,,0,0,,,,,,,37,8,1.0,0,v1.0
TTF,2023,-396653000000.0,142921000000.0,142921000000.0,-1307060000000.0,1820760000000.0,1517750000000.0,65884310804.0,267130000000.0,-70585184229.0,24907367051.0,345168000000.0,-130497000000.0,253416000000.0,-32841663843.0,-66458028654.0,4913000000.0,356257000000.0,-420614000000.0,37996994698.0,-26360622087.0,-144247000000.0,475925000000.0,1560470000000.0,1029700000000.0,1065580000000.0,-41423531390.0,49017530778.0,-111405000000.0,850048000000.0,-3225380000000.0,-124491000000.0,407355000000.0,69192527439.0,2850460000000.0,2583330000000.0,292064000000.0,613520000000.0,66458028654.0,412268000000.0,200154472561.0,303010000000.0,-358656005302.0,-44946971346.0,20937339458.0,1.1996442101795421,0,0.8860714873991106,0.13975524785966068,0.10630214070711394,0.025035081336188435,0,0,0.906285301319787,0.09371469868021302,9.670684685359188,0.1446320944689629,0.07021830601411702,0.9880829945569387,-0.6763211647460553,9.559689900548586,2001280000000.0,3006070000000.0,2573200000000.0,432861000000.0,-1229591052.0,679078000000.0,701690000000.0,287084000000.0,0.8560013572538231,-0.09243817567784066,-0.0006144023085225456,2928265000000.0,349995500000.0,577501500000.0,657605000000.0,289574000000.0,0.16239722647663846,-0.02654554806564689,-0.09243817567784066,1,-0.04926022747258189,-0.41213958465180267,0.5328991740843128,2.2633014806022147,2.3729594513423713,4.513733967828603,161.26883807935369,153.81636622299692,80.86431380349794,234.22089049885264,0.024349711752228494,0.01297594128195365,0.014708533055397491,-0.12248071991503501,-0.06223616875453553,0,0,-0.2202640310201471,-0.05176526162065421,0.003936732473185139,-0.048840323177034864,-0.09182377336931812,0.050283944065963926,37,8,1.0,1,v1.0
TTF,2024,-89715444364.0,104821000000.0,104821000000.0,-1096900000000.0,1360560000000.0,956476000000.0,63511198075.0,399811000000.0,-71907921766.0,84219321987.0,515077000000.0,-55817673375.0,126395000000.0,-335874829.0,-69430390299.0,22794920353.0,55850953716.0,-12270544763.0,-81974161866.0,-38393752913.0,7325917355.0,337731000000.0,1223290000000.0,1431890000000.0,1436160000000.0,-33656966187.0,33638318264.0,7661792184.0,867432000000.0,-3240390000000.0,-118877000000.0,467050000000.0,16328710194.0,2792450000000.0,2392640000000.0,213827000000.0,530234000000.0,69430390299.0,489844920353.0,368695210159.0,404084000000.0,-171689606230.0,77092182483.0,140603380558.0,1.422471656371932,0,1.0693723627147989,0.12666257197671452,0.14470590341814535,-0.08570435835922699,0,0,0.8568246521871475,0.14317570592132356,5.984427642060874,0.17541761548210352,0.13203287799566688,0.9534650265709131,1.110352140482067,2.6222357435204793,1560470000000.0,2850460000000.0,2583330000000.0,267130000000.0,-144247000000.0,475925000000.0,613520000000.0,292064000000.0,0.906285301319787,0.005988700434892789,-0.09243817567784066,2821455000000.0,333470500000.0,406828000000.0,571877000000.0,252945500000.0,0.10332382345968659,-0.027513481011861456,0.005988700434892789,0,0.0025965033484496476,0.021968711940036675,0.4335670779792696,2.696225431877845,2.1390788578662896,4.336507271329199,135.37443704986782,170.6341954892135,84.16911979214149,221.83951274693982,-0.06701122535621153,-0.029053861169502967,-0.034260967745252106,-0.0608514423338313,0.03165036451795262,1,1,-0.21607592584285504,-0.020351101225767068,-0.07381557911687628,0.053721543443010784,0.09842687611273344,-0.04946064913263948,37,8,1.0,1,v1.0
TTF,2025,-23281253789.0,57816953118.0,57816953118.0,-1029710000000.0,1573640000000.0,1029690000000.0,69543516649.0,389153000000.0,-73147959798.0,71690733174.0,489237000000.0,-129270000000.0,212165000000.0,65262810.0,-67445543659.0,23948155232.0,112519000000.0,35036844568.0,-194517000000.0,-46961003321.0,10521879393.0,405393000000.0,1241880000000.0,1265120000000.0,1419920000000.0,-33478132158.0,109687000000.0,10456616583.0,963032000000.0,-3250530000000.0,-116995000000.0,600752000000.0,97921601023.0,2838760000000.0,2449610000000.0,186791000000.0,656475000000.0,67445543659.0,624700155232.0,468961601091.0,543950000000.0,-217798253789.0,77902160242.0,147445676891.0,1.528265788732531,0,1.134561858423409,0.15124800099156058,0.1916153531823754,-0.1889083122104711,0,0,0.8629154983161662,0.13708555848328144,6.294722127286697,0.22006092633121505,0.16519945366674182,0.961664560139086,1.1550379167505556,3.180572065450806,1223290000000.0,2792450000000.0,2392640000000.0,399811000000.0,7325917355.0,337731000000.0,530234000000.0,213827000000.0,0.8568246521871475,0.008472541141656199,0.005988700434892789,2815605000000.0,394482000000.0,371562000000.0,593354500000.0,200309000000.0,0.1708417882565143,-0.026957622441781813,0.008472541141656199,0,0.0037369870393751965,0.026672647656927312,0.44107039162098377,2.7713006173935977,2.0929815144235024,5.140607761009241,131.7071117110643,174.39236681482913,71.00327762185469,235.09620090403877,-0.15663107546622862,-0.06908532979590531,-0.07940733422871396,-0.0773539803306927,0.07282231683528052,1,1,0.01519672358966394,0.016584003294597933,0.02381051892470242,0.0011350889197881094,0.00248384070676341,0.006090846129018668,37,8,1.0,1,v1.0
VJC,2022,-1217470000000.0,1858260000000.0,1858260000000.0,-42135200000000.0,33587500000000.0,30417300000000.0,79733663056.0,14898300000000.0,-2483050000000.0,2246220000000.0,5709720000000.0,-534452000000.0,-1993290000000.0,386684000000.0,-1383640000000.0,10309700000000.0,3479820000000.0,-1118340000000.0,-2393090000000.0,-31609105146.0,-2261970000000.0,982716000000.0,40141900000000.0,34449500000000.0,22721400000000.0,-3700920000000.0,433005000000.0,-2648660000000.0,29729800000000.0,9018930000000.0,-936344000000.0,8549900000000.0,687775000000.0,68037000000000.0,53138700000000.0,9659940000000.0,12402300000000.0,1383640000000.0,18859600000000.0,16313565000000.0,3170200000000.0,-3610560000000.0,-1265020000000.0,-1185286336944.0,1.1042235832897727,0,1.0719157847672214,0.08370351740621292,0.046595234945691316,-0.07867529333635792,0,1,0.7810265002866088,0.21897349971339125,3.566762650772236,0.27719623146229255,0.2397749018916178,0.4533447156885618,-0.9142696077014252,,,,,,,,,,,-0.056349350678468135,,,,,,,-0.04965609500297694,-0.09219593492086822,-0.056349350678468135,1,,,,,,,,,,,-0.05961576308047203,,-0.04503478632333873,,,1,0,,,,,,,37,8,1.0,0,v1.0
VJC,2023,-1425810000000.0,5050740000000.0,5050740000000.0,-55819900000000.0,40827000000000.0,38861500000000.0,413254000000.0,15253100000000.0,-2242070000000.0,2955030000000.0,10173300000000.0,-1099320000000.0,2520750000000.0,-374690000000.0,-1950250000000.0,17257000000000.0,8411700000000.0,-956707000000.0,-4246640000000.0,3208350000000.0,231413000000.0,703385000000.0,58340600000000.0,46098500000000.0,32810800000000.0,184272000000.0,5745580000000.0,606104000000.0,34243100000000.0,9249520000000.0,-1950120000000.0,13553800000000.0,613344000000.0,86925400000000.0,71672300000000.0,8805300000000.0,12316800000000.0,1950250000000.0,30810800000000.0,25146716000000.0,1965500000000.0,-5672450000000.0,2556354000000.0,2969608000000.0,1.0505770492646964,0,1.0324772589838271,0.1457505242978269,0.022611342599516367,-0.10927627600581552,0,0,0.8245265480515477,0.17547345194845235,4.698867771141604,0.3544510580336703,0.2892907711670007,0.4399041894400665,1.3107827201640816,8.468025409414306,40141900000000.0,68037000000000.0,53138700000000.0,14898300000000.0,-2261970000000.0,982716000000.0,12402300000000.0,9659940000000.0,0.7810265002866088,0.003966585876730784,-0.056349350678468135,77481200000000.0,15075700000000.0,843050500000.0,12359550000000.0,9232620000000.0,0.043207474726005564,0.003158555105706832,0.003966585876730784,0,0.0029866987088480817,0.015350066663571178,0.7529645901199259,66.2118105617635,4.720285123649324,6.045943621637195,5.512611676122673,77.32583740996836,60.371055842092154,22.467393243998877,-0.07279047524365537,-0.05480865035647357,-0.05925078447322048,-0.07321066271560069,0.057795349065321654,1,1,0.453359208208879,0.2776195305495539,0.3487778210607335,0.03218049023505057,0.06031593655519892,0.043500047764938876,37,8,1.0,1,v1.0
VJC,2024,-8786530000000.0,4558980000000.0,4558980000000.0,-64892000000000.0,38577500000000.0,33506400000000.0,613293000000.0,17118700000000.0,-3480230000000.0,1990850000000.0,14166200000000.0,-1395680000000.0,7153300000000.0,-418613000000.0,-3211950000000.0,30052400000000.0,11964500000000.0,-10816200000000.0,-1682120000000.0,-533857000000.0,1404000000000.0,2005440000000.0,72045300000000.0,60737700000000.0,48690200000000.0,1671290000000.0,5438720000000.0,1822620000000.0,27945500000000.0,10652700000000.0,-2596950000000.0,12460100000000.0,3825830000000.0,99315300000000.0,82196500000000.0,6194940000000.0,11365000000000.0,3211950000000.0,42512500000000.0,34127690000000.0,5071100000000.0,-10468650000000.0,5034570000000.0,5647863000000.0,1.1513472053100304,0,1.0914947592101807,0.2502450278155815,0.05106061201043545,-0.050202946302795884,0,0,0.8276317948996781,0.1723671982061173,4.801562034500283,0.4280558987386636,0.34362973278034703,0.2930926198177007,1.5674496801008733,6.042584602353138,58340600000000.0,86925400000000.0,71672300000000.0,15253100000000.0,231413000000.0,703385000000.0,12316800000000.0,8805300000000.0,0.8245265480515477,0.019487738964235002,0.003966585876730784,93120350000000.0,16185900000000.0,1354412500000.0,11840900000000.0,7500120000000.0,0.09928891961030074,0.023197765850097092,0.019487738964235002,0,0.015077262918363171,0.08674216447648879,0.7736794374162038,47.91154836506603,6.084444594583182,8.652128232614945,7.618205056093201,59.9890416168716,42.18615237625593,25.421094296708873,-0.023348087939116084,-0.018063935541479385,-0.02046461832316461,-0.11242064704438932,0.03314119845984256,1,1,0.23490845140433936,0.14253486322754913,0.14683776019466377,0.01259216701827259,0.015521153087504218,0.003105246848130405,37,8,1.0,1,v1.0
VJC,2025,-31207400000000.0,10986600000000.0,10986600000000.0,-73624000000000.0,49719100000000.0,46604700000000.0,1077230000000.0,24809200000000.0,-4146170000000.0,2604280000000.0,34938500000000.0,-2131680000000.0,8468900000000.0,-506900000000.0,-3619680000000.0,42943500000000.0,31380600000000.0,-26554100000000.0,1509050000000.0,6335510000000.0,2123430000000.0,2194100000000.0,82092900000000.0,89671900000000.0,67977100000000.0,2388950000000.0,5878040000000.0,2630330000000.0,33547300000000.0,12775200000000.0,-2406390000000.0,26056100000000.0,2697570000000.0,139391000000000.0,114582000000000.0,4769470000000.0,13684600000000.0,3619680000000.0,68999600000000.0,55315430000000.0,3114400000000.0,-29698350000000.0,6250010000000.0,7327240000000.0,1.0668258780766746,0,1.019746935394928,0.29362210249180876,0.022342905926494537,0.03237978143835278,0,0,0.8220186382191103,0.17798279659375427,4.618528610354224,0.4950075686378604,0.3968364528556363,0.37762682682218446,1.7266747336781152,7.549285952145692,72045300000000.0,99315300000000.0,82196500000000.0,17118700000000.0,1404000000000.0,2005440000000.0,11365000000000.0,6194940000000.0,0.8276317948996781,0.0258661833118333,0.019487738964235002,119353150000000.0,20963950000000.0,2099770000000.0,12524800000000.0,5482205000000.0,0.10316239285005159,0.029100567771390706,0.0258661833118333,0,0.017791151720754753,0.10128959475671331,0.6878151100327055,35.06288784009677,6.5544280148186,13.429632784618597,10.409867027056395,55.68754423342335,27.178702936542432,38.91870832393731,0.01838222306679384,0.012643570781332542,0.013170044160513868,-0.24882753408686742,0.005147580939422211,0,0,0.13946225499789716,0.4035199007605072,0.39400096111148286,0.006027742041161042,0.006378444347598298,-0.005613156680567832,37,8,1.0,1,v1.0
VNM,2022,-1456910000000.0,2299940000000.0,2299940000000.0,-36059000000000.0,31560400000000.0,15308400000000.0,2095450000000.0,32816500000000.0,-617537000000.0,1379900000000.0,11903200000000.0,-1595850000000.0,23897200000000.0,-1917960000000.0,-166039000000.0,66028725000.0,-12360300000000.0,3472770000000.0,8827270000000.0,-60244674309.0,8577580000000.0,5537560000000.0,59956200000000.0,16922300000000.0,357723000000.0,10491100000000.0,11903500000000.0,10495500000000.0,6100400000000.0,3353470000000.0,-12548200000000.0,4867130000000.0,17414100000000.0,48482700000000.0,15666100000000.0,4284160000000.0,4633940000000.0,166039000000.0,4933158725000.0,-14780881275000.0,16252000000000.0,7370360000000.0,10661539000000.0,12756989000000.0,2.0616393613963577,0,1.6999059339970213,1.2877923231689792,0.33521235409744093,0.5766291709127015,0,0,0.3231276310931528,0.6768703063154486,0.47738485213231147,0.10175090754021537,-0.3048691858126713,0.9866153252549157,64.21105282493872,-1.1586496841064926,,,,,,,,,,0.14306410346219406,,,,,,,0.3985776283353515,0.17497940162985645,0.14306410346219406,0,,,,,,,,,,,0.1472286435764775,,0.5634631465393429,,,0,0,,,,,,,37,8,1.0,0,v1.0
VNM,2023,-1579640000000.0,2912030000000.0,2912030000000.0,-35824200000000.0,35935900000000.0,17138700000000.0,2054590000000.0,35025700000000.0,-503123000000.0,1716370000000.0,12689700000000.0,-1755620000000.0,24544700000000.0,-1948550000000.0,-354095000000.0,238476000000.0,-4292770000000.0,-2988550000000.0,7887420000000.0,606101000000.0,9019350000000.0,6128080000000.0,60368900000000.0,16737500000000.0,508937000000.0,10903600000000.0,12259500000000.0,10967900000000.0,6529710000000.0,3926230000000.0,-13018100000000.0,8217760000000.0,20137200000000.0,52673400000000.0,17647600000000.0,3805890000000.0,4808180000000.0,354095000000.0,8456236000000.0,-14592994000000.0,18797200000000.0,6307780000000.0,11321995000000.0,13376585000000.0,2.0967692998885563,0,1.7392112587302422,1.344864546319149,0.3568632364722991,0.46021110119203906,0,0,0.3350381786632342,0.6649599228453071,0.5038471750743025,0.1605409181864091,-0.27704674465669576,0.9717988003173043,31.97445600756859,-1.0909356909854047,59956200000000.0,48482700000000.0,15666100000000.0,32816500000000.0,8577580000000.0,5537560000000.0,4633940000000.0,4284160000000.0,0.3231276310931528,0.14940391492970717,0.14306410346219406,50578050000000.0,33921100000000.0,5832820000000.0,4721060000000.0,4045025000000.0,0.4065785528641403,0.1806161781977144,0.14940391492970717,0,0.17832538027859912,0.2658920259071787,1.1935790328017786,6.141831909779489,12.787149496087743,8.85636059109647,59.428523177070254,28.54428190674337,41.21331739438703,46.75948768942659,0.13065369751643643,0.15594551391364436,0.44694009383712235,0.12471378394382543,0.02237986636495476,0,0,0.006883358184808243,0.08643701774034862,0.12648329833206734,0.008734421354718105,0.006339811467513112,0.01191054757008142,37,8,1.0,1,v1.0
VNM,2024,-1741500000000.0,2225940000000.0,2225940000000.0,-36192400000000.0,37553700000000.0,18459500000000.0,2095160000000.0,36174400000000.0,-428239000000.0,1585660000000.0,12550600000000.0,-1827920000000.0,25590200000000.0,-2146760000000.0,-279425000000.0,157904000000.0,-6641260000000.0,-3739090000000.0,9685940000000.0,-694415000000.0,9452890000000.0,5686840000000.0,61782600000000.0,17495400000000.0,415112000000.0,11594000000000.0,12866800000000.0,11599700000000.0,6233760000000.0,3471220000000.0,-13357700000000.0,9115440000000.0,23260100000000.0,55049100000000.0,18874700000000.0,3874060000000.0,4793130000000.0,279425000000.0,9273344000000.0,-16212696000000.0,19094200000000.0,7944440000000.0,11879125000000.0,13974285000000.0,2.034383379831523,0,1.726312196971749,1.3806462796933827,0.34685762346705035,0.5247130203960021,0,0,0.34287027399176373,0.6571297260082363,0.521769538679287,0.1684558693965932,-0.29451337079080314,0.982972269765901,42.51274939608124,-1.1601807176538907,60368900000000.0,52673400000000.0,17647600000000.0,35025700000000.0,9019350000000.0,6128080000000.0,4808180000000.0,3805890000000.0,0.3350381786632342,0.15300246347677177,0.14940391492970717,53861250000000.0,35600050000000.0,5907460000000.0,4800655000000.0,3839975000000.0,0.41419752486946165,0.18765801374497026,0.15300246347677177,0,0.17550446749750517,0.2655302450417907,1.147069553714405,6.126558622487499,12.869618833263377,9.42516552842141,59.57667631878516,28.36136833024185,38.72611031597794,49.211934333049065,0.15677456112238722,0.1798313258604284,0.5131705404589212,0.1474982478126668,-0.004326858362923252,0,0,0.02341768692157717,0.04510246158402533,0.06953353430494798,0.00804920049200492,0.003598548547064595,0.00783209532852952,37,8,1.0,1,v1.0
VNM,2025,-1762010000000.0,1794880000000.0,1794880000000.0,-37436400000000.0,36261200000000.0,18520300000000.0,2116250000000.0,34483000000000.0,-350234000000.0,1496850000000.0,12648900000000.0,-1904070000000.0,26209500000000.0,-2236400000000.0,-325804000000.0,62907826150.0,-11081900000000.0,1976100000000.0,8668140000000.0,-437688000000.0,9413590000000.0,6839280000000.0,63645900000000.0,17051200000000.0,309069000000.0,11659800000000.0,13229000000000.0,11650000000000.0,6027720000000.0,8522580000000.0,-13641700000000.0,9393740000000.0,21354900000000.0,53312400000000.0,18829400000000.0,3923310000000.0,4701650000000.0,325804000000.0,9456647826150.0,-13693132173850.0,17740900000000.0,6906130000000.0,11975804000000.0,14092054000000.0,1.9579164484376603,0,1.588630853711873,1.2499678730906087,0.33277248820161914,0.4680345350777255,0,0,0.353189877026733,0.646810122973267,0.5460487776585564,0.17738176908467823,-0.2568470407231713,0.9933477668507392,36.75769481037679,-0.9716917188828541,61782600000000.0,55049100000000.0,18874700000000.0,36174400000000.0,9452890000000.0,5686840000000.0,4793130000000.0,3874060000000.0,0.34287027399176373,0.14790567813480524,0.15300246347677177,54180750000000.0,35328700000000.0,6263060000000.0,4747390000000.0,3898685000000.0,0.4118018599784118,0.1831979750463109,0.14790567813480524,0,0.17374418035926043,0.26645729958928577,1.1746958098586675,5.977333763368066,13.406503362900457,9.602314626598456,61.06401523650778,27.225592693323527,38.01166845636867,50.27793947346264,0.13619321904474602,0.1599856037430268,0.4603513654179103,0.12746464380799455,0.013758576616233625,0,0,0.030158976799293004,-0.031548199698087705,-0.0024000381463016632,-0.0007253498705721128,-0.005096785341966531,0.01031960303496926,37,8,1.0,1,v1.0
